resp_id,wave,adopts_mm,has_account,made_digital_payment,income_quintile,education,age,female,urban,owns_mobile,has_internet,employed,borrowed_formal,saved_formal
191902703,2021,1,1,1,5,3.0,34.0,0,0,1,1,1,0,1
143682454,2021,1,1,1,3,2.0,52.0,0,1,1,1,1,0,0
140671614,2021,0,1,1,3,2.0,15.0,1,1,1,1,1,1,0
191621240,2021,0,1,1,4,2.0,19.0,1,1,1,1,1,0,0
141873417,2021,0,1,1,3,2.0,29.0,1,0,1,1,0,0,0
114633359,2021,0,0,0,4,2.0,33.0,0,1,0,1,1,0,0
197208835,2021,1,1,1,4,2.0,28.0,0,0,1,1,1,0,1
146875274,2021,0,0,0,2,2.0,67.0,0,1,1,1,0,0,0
120588024,2021,0,0,0,1,1.0,36.0,0,1,1,1,1,1,0
208075448,2021,0,0,0,5,2.0,29.0,1,0,1,1,1,0,0
128349755,2021,0,0,0,1,1.0,65.0,1,0,1,1,1,0,0
145440885,2021,1,1,1,2,2.0,22.0,1,0,1,1,0,0,1
122073285,2021,0,0,0,3,1.0,30.0,1,1,0,1,1,0,0
185372939,2021,1,1,1,5,2.0,33.0,0,0,1,1,1,0,1
186815519,2021,0,0,0,3,2.0,16.0,1,0,1,1,0,0,0
153857905,2021,1,1,1,3,2.0,30.0,1,0,1,1,1,0,0
137922844,2021,1,1,1,3,2.0,36.0,0,0,1,1,1,0,0
137233831,2021,0,0,0,3,2.0,19.0,1,0,0,1,1,0,0
143815115,2021,1,1,1,5,3.0,43.0,0,0,1,1,1,0,1
183837298,2021,1,1,1,3,1.0,29.0,1,0,1,1,0,0,0
209586481,2021,1,1,1,3,2.0,35.0,0,0,1,1,1,0,0
117922957,2021,1,1,1,5,2.0,35.0,1,0,1,1,1,0,1
145390979,2021,1,1,1,2,1.0,30.0,1,1,1,1,1,1,1
129332512,2021,1,1,1,5,2.0,30.0,1,0,1,1,1,0,0
185915187,2021,0,0,0,1,1.0,22.0,1,1,0,1,0,0,0
122408098,2021,0,1,1,4,2.0,86.0,0,0,1,1,0,0,1
188558076,2021,1,1,1,4,2.0,18.0,0,0,1,1,1,0,1
117018414,2021,0,0,0,2,1.0,15.0,1,0,0,1,0,0,0
147436167,2021,0,0,0,4,1.0,45.0,0,1,1,1,1,0,0
122801338,2021,1,1,1,3,2.0,25.0,0,1,1,1,1,0,0
173598645,2021,1,1,1,5,2.0,28.0,1,0,1,1,1,0,1
160500984,2021,1,1,1,3,2.0,18.0,1,0,1,1,0,0,0
137301597,2021,0,0,0,3,2.0,18.0,1,0,1,1,0,0,0
122090863,2021,1,1,1,5,2.0,46.0,0,0,1,1,1,1,1
145523493,2021,1,1,1,1,1.0,35.0,0,1,1,1,1,0,0
164956376,2021,0,0,0,2,1.0,30.0,0,1,1,1,1,0,0
133160397,2021,1,1,1,1,2.0,24.0,0,0,1,1,0,0,0
135095310,2021,0,0,0,3,2.0,32.0,1,1,1,1,1,0,0
152591546,2021,1,1,1,4,1.0,48.0,1,1,1,1,1,0,0
120994846,2021,1,1,1,4,2.0,19.0,0,0,1,1,0,0,0
193405401,2021,1,1,1,3,2.0,36.0,1,0,1,1,1,0,0
177162053,2021,1,1,1,4,2.0,23.0,1,1,1,1,0,0,1
205994235,2021,0,0,0,1,2.0,19.0,0,0,0,1,0,0,0
173010153,2021,1,1,1,1,2.0,17.0,0,0,1,1,1,0,0
171620673,2021,1,1,1,3,2.0,27.0,0,0,1,1,1,0,1
115117286,2021,1,1,1,5,2.0,30.0,0,0,1,1,1,0,1
210653056,2021,1,1,1,5,2.0,32.0,0,1,1,1,1,0,1
179607518,2021,1,1,1,5,2.0,28.0,0,0,1,1,1,0,1
132597550,2021,0,0,0,2,2.0,46.0,1,1,1,1,1,0,1
177858322,2021,0,1,0,3,1.0,30.0,0,1,1,1,1,1,0
162196598,2021,0,0,0,2,1.0,19.0,0,0,1,1,1,0,0
166106733,2021,0,0,0,3,1.0,42.0,1,0,0,1,1,0,0
157178489,2021,1,1,1,3,1.0,38.0,1,0,1,1,1,0,0
176987732,2021,0,0,0,4,1.0,27.0,1,1,1,1,1,0,0
161567320,2021,1,1,1,4,1.0,25.0,1,0,1,1,1,1,0
122913485,2021,1,1,1,3,2.0,50.0,1,1,1,1,1,1,0
151723306,2021,1,1,1,2,2.0,37.0,0,0,1,1,1,0,0
203811467,2021,1,1,1,3,2.0,40.0,1,0,1,1,1,0,0
150472105,2021,1,1,1,4,3.0,38.0,0,0,1,1,1,0,1
171142194,2021,1,1,1,3,1.0,24.0,0,0,1,1,1,0,1
206286634,2021,1,1,1,2,2.0,35.0,0,0,1,1,1,0,1
148164580,2021,0,0,0,1,2.0,20.0,1,0,1,1,0,0,0
154151163,2021,1,1,1,4,2.0,67.0,0,0,1,1,1,0,1
114461108,2021,1,1,1,3,2.0,18.0,1,0,1,1,0,0,0
152405056,2021,0,1,0,3,2.0,60.0,1,0,1,1,1,0,0
188919782,2021,1,1,1,5,2.0,21.0,0,1,1,1,1,0,0
181901674,2021,1,1,1,5,2.0,34.0,0,0,1,1,1,0,1
184094636,2021,1,1,1,2,2.0,23.0,0,1,1,1,1,0,0
177203251,2021,0,0,0,1,1.0,24.0,1,0,0,1,0,0,1
202792012,2021,0,0,0,1,1.0,25.0,0,1,1,1,0,0,0
188553266,2021,1,1,1,3,3.0,28.0,0,0,1,1,0,0,0
160031687,2021,1,1,1,5,2.0,38.0,1,0,1,1,1,0,1
202908503,2021,1,1,1,5,3.0,48.0,0,1,1,1,1,1,0
154810387,2021,0,0,0,1,2.0,20.0,1,1,1,1,0,0,0
142553831,2021,0,1,1,4,2.0,20.0,1,0,1,1,1,0,1
208293315,2021,1,1,1,3,2.0,17.0,1,0,1,1,1,0,0
192598909,2021,1,1,1,3,2.0,41.0,1,0,1,1,1,1,1
172337868,2021,1,1,1,1,2.0,28.0,1,0,1,1,1,0,0
142970418,2021,1,1,1,3,1.0,45.0,0,0,1,1,1,0,0
166913633,2021,1,1,1,4,3.0,31.0,1,1,1,1,1,0,1
166756002,2021,1,1,1,5,2.0,30.0,1,0,1,1,1,0,1
145744492,2021,0,0,0,3,1.0,26.0,1,0,1,1,0,0,0
171619335,2021,1,1,1,4,2.0,23.0,1,0,1,1,1,0,0
125243667,2021,1,1,1,3,3.0,24.0,0,1,1,1,1,0,0
166250650,2021,0,0,0,1,2.0,43.0,0,1,1,1,1,0,0
131426103,2021,1,1,1,4,2.0,20.0,0,0,1,1,1,0,1
199907296,2021,0,0,0,2,2.0,28.0,1,1,1,1,1,0,0
164600348,2021,0,0,0,1,1.0,55.0,1,1,1,1,0,0,0
203487822,2021,1,1,1,5,2.0,32.0,0,0,1,1,1,0,1
139819519,2021,1,1,1,2,2.0,21.0,1,0,1,1,1,0,0
129142606,2021,1,1,1,3,2.0,37.0,0,1,1,1,1,0,0
194327294,2021,1,1,1,5,2.0,29.0,0,0,1,1,1,0,1
183407796,2021,0,0,0,3,1.0,39.0,1,0,1,1,1,0,0
165874332,2021,1,1,1,4,1.0,40.0,1,0,1,1,1,0,0
116539403,2021,0,0,0,4,1.0,21.0,0,1,0,1,1,0,0
147435418,2021,1,1,1,1,2.0,18.0,0,0,1,1,0,0,0
150302384,2021,1,1,1,2,3.0,49.0,0,0,1,1,1,0,0
156209784,2021,1,1,1,2,1.0,75.0,1,0,1,1,1,0,1
197805150,2021,1,1,1,2,1.0,53.0,0,0,1,1,1,0,1
138670639,2021,1,1,1,2,2.0,26.0,0,0,1,1,1,0,0
151653501,2021,1,1,1,4,2.0,21.0,0,0,1,1,1,0,0
126520418,2021,1,1,1,5,2.0,69.0,0,0,1,1,1,0,0
193072944,2021,0,0,0,1,1.0,15.0,0,1,1,1,0,0,0
162398739,2021,1,1,1,4,2.0,45.0,0,0,1,1,1,0,1
119606216,2021,1,1,1,4,3.0,27.0,1,0,1,1,1,0,1
168104414,2021,1,1,1,4,2.0,29.0,0,0,1,1,1,0,1
133875626,2021,0,0,0,4,1.0,30.0,1,0,1,1,0,0,0
131436613,2021,1,1,1,5,2.0,35.0,0,1,1,1,1,0,0
165212039,2021,0,0,0,1,2.0,61.0,1,0,1,1,1,0,0
207672612,2021,0,0,0,5,2.0,27.0,0,1,1,1,1,0,0
193285769,2021,1,1,1,3,2.0,29.0,0,0,1,1,1,1,0
181537056,2021,1,1,1,3,2.0,40.0,0,0,1,1,1,0,1
163472242,2021,1,1,1,5,3.0,31.0,0,0,1,1,1,1,1
207156545,2021,1,1,1,5,3.0,27.0,1,0,1,1,0,0,1
124840611,2021,1,1,1,2,2.0,46.0,1,0,1,1,1,0,0
147241086,2021,1,1,1,3,2.0,21.0,0,1,1,1,1,0,0
167582359,2021,1,1,1,5,2.0,26.0,0,0,1,1,1,0,0
160327745,2021,0,0,0,5,2.0,35.0,1,1,0,1,1,0,0
142985363,2021,1,1,1,2,1.0,38.0,0,1,1,1,1,0,0
160493085,2021,0,0,0,1,1.0,64.0,1,0,0,1,0,0,0
119196079,2021,1,1,1,2,2.0,46.0,1,1,0,1,1,0,0
147687149,2021,0,0,0,1,1.0,22.0,0,1,0,1,0,0,0
191839380,2021,1,1,1,5,2.0,27.0,0,0,1,1,1,1,0
148632048,2021,0,0,0,4,2.0,18.0,1,0,1,1,0,0,0
112589299,2021,0,0,0,4,2.0,67.0,1,0,1,1,1,0,0
158015633,2021,0,0,0,1,1.0,20.0,1,1,0,1,1,0,0
139013500,2021,1,1,1,2,1.0,32.0,1,1,1,1,1,0,0
154162637,2021,1,1,1,5,2.0,45.0,0,0,1,1,1,0,1
202402610,2021,1,1,1,4,2.0,26.0,1,0,1,1,1,0,1
195716935,2021,1,1,1,4,2.0,25.0,1,0,1,1,1,0,0
176063332,2021,1,1,1,4,2.0,32.0,1,0,1,1,1,0,0
169003031,2021,1,1,1,4,2.0,22.0,0,0,1,1,1,0,0
199016351,2021,0,1,1,2,1.0,45.0,0,1,1,1,1,0,0
191072680,2021,1,1,1,1,2.0,32.0,0,0,1,1,1,0,1
175759228,2021,1,1,1,4,2.0,28.0,1,0,1,1,1,0,0
165311256,2021,1,1,1,3,2.0,21.0,0,1,1,1,0,0,0
171119681,2021,0,0,0,1,2.0,18.0,1,0,1,1,1,0,0
132110818,2021,0,0,0,3,1.0,37.0,1,0,0,1,0,0,0
182726829,2021,1,1,1,5,2.0,26.0,0,1,1,1,1,0,1
202013582,2021,1,1,1,4,2.0,37.0,0,1,1,1,1,0,1
154627895,2021,1,1,1,5,1.0,26.0,1,1,1,1,1,0,0
198368986,2021,0,0,0,1,1.0,30.0,1,1,1,1,1,0,0
205805187,2021,0,0,0,5,1.0,15.0,1,0,0,1,0,0,0
112369441,2021,1,1,1,3,2.0,24.0,0,1,1,1,1,0,0
144750680,2021,0,0,0,2,1.0,56.0,0,1,0,1,1,0,0
193650233,2021,1,1,1,5,2.0,53.0,0,0,1,1,1,0,1
154605630,2021,1,1,1,5,1.0,30.0,1,1,1,1,1,0,0
165729856,2021,1,1,1,5,1.0,23.0,0,0,1,1,1,0,0
113862567,2021,0,0,0,5,1.0,39.0,1,1,0,1,0,0,0
193813346,2021,0,0,0,3,1.0,16.0,1,0,0,1,0,0,0
154812267,2021,1,1,1,4,2.0,30.0,0,0,1,1,1,0,0
114207793,2021,0,0,0,1,1.0,30.0,1,1,0,1,0,0,0
113945631,2021,1,1,1,3,2.0,42.0,0,1,1,1,1,0,0
164487208,2021,0,0,0,1,2.0,17.0,1,0,1,1,0,0,0
118635672,2021,1,1,1,2,2.0,45.0,0,0,1,1,1,1,0
158537425,2021,1,1,1,4,2.0,30.0,0,0,1,1,0,0,0
206375249,2021,1,1,1,5,2.0,18.0,1,0,1,1,0,0,1
194422907,2021,0,1,0,4,2.0,43.0,0,0,1,1,1,0,1
118084774,2021,1,1,1,5,1.0,39.0,0,1,1,1,1,0,0
172232892,2021,1,1,1,4,2.0,33.0,0,0,1,1,1,0,1
118049331,2021,1,1,1,1,1.0,23.0,0,0,1,1,1,0,0
136210745,2021,0,0,0,4,1.0,57.0,0,0,1,1,1,0,0
132003244,2021,1,1,1,4,1.0,50.0,1,1,1,1,1,0,0
112707784,2021,1,1,1,2,2.0,38.0,0,0,1,1,1,0,1
125741155,2021,0,0,0,3,2.0,17.0,0,1,0,1,0,0,0
169938271,2021,1,1,1,4,2.0,54.0,0,0,1,1,1,0,1
143686424,2021,1,1,1,5,1.0,21.0,1,0,1,1,1,0,0
196424905,2021,0,0,0,4,2.0,21.0,1,0,1,1,1,0,0
205811643,2021,1,1,1,4,2.0,30.0,0,0,1,1,1,0,1
178645433,2021,1,1,1,5,2.0,35.0,0,0,1,1,0,0,1
129489052,2021,1,1,1,5,2.0,30.0,1,0,1,1,1,0,1
160272213,2021,1,1,1,5,2.0,30.0,0,0,1,1,1,0,1
122644137,2021,1,1,1,4,3.0,24.0,1,0,1,1,1,1,1
156415797,2021,1,1,1,5,3.0,51.0,0,0,1,1,1,1,1
150028333,2021,1,1,1,5,1.0,26.0,1,0,1,1,1,0,0
115529457,2021,1,1,1,4,2.0,20.0,0,0,1,1,0,0,1
154677585,2021,0,1,1,5,2.0,34.0,0,0,1,1,1,0,1
206374600,2021,1,1,1,5,1.0,23.0,1,0,1,1,1,0,0
203484511,2021,0,0,0,5,1.0,17.0,0,0,1,1,1,0,0
199252570,2021,0,0,0,3,2.0,26.0,1,1,0,1,1,0,0
112254005,2021,1,1,1,1,2.0,19.0,0,0,1,1,1,0,0
117396944,2021,1,1,1,2,1.0,29.0,1,1,1,1,1,0,0
207996990,2021,1,1,1,1,1.0,19.0,1,1,1,1,1,0,0
112830329,2021,1,1,1,5,3.0,45.0,0,0,1,1,1,1,1
125487556,2021,1,1,1,4,2.0,27.0,1,0,1,1,1,0,0
181395976,2021,1,1,1,5,3.0,37.0,1,0,1,1,1,1,1
207333032,2021,1,1,1,2,2.0,25.0,0,0,1,1,0,0,0
153898498,2021,0,1,1,5,2.0,36.0,1,0,1,1,1,1,1
146124230,2021,1,1,1,3,2.0,28.0,1,0,1,1,1,0,0
133863141,2021,1,1,1,5,2.0,30.0,0,1,1,1,1,0,1
145251393,2021,1,1,1,1,2.0,22.0,1,0,1,1,0,0,0
166156422,2021,0,0,0,1,1.0,40.0,1,0,1,1,0,0,0
205442550,2021,1,1,1,1,2.0,31.0,1,1,1,1,0,0,0
167990929,2021,1,1,1,3,2.0,35.0,0,0,1,1,1,0,1
189171028,2021,1,1,1,5,2.0,53.0,0,0,1,1,1,0,0
186698343,2021,1,1,1,4,2.0,27.0,0,0,1,1,1,0,0
209008809,2021,1,1,1,2,1.0,50.0,0,1,1,1,1,0,0
146383413,2021,1,1,1,1,1.0,25.0,1,1,1,1,1,0,0
185056664,2021,1,1,1,4,1.0,17.0,1,1,1,1,1,0,0
142940480,2021,1,1,1,3,2.0,28.0,0,0,1,1,1,0,0
193890161,2021,1,1,1,3,2.0,27.0,1,1,1,1,1,0,1
177401805,2021,1,1,1,4,1.0,19.0,0,1,1,1,1,0,0
202475638,2021,1,1,1,5,2.0,29.0,0,0,1,1,1,0,1
145161170,2021,1,1,1,2,2.0,28.0,0,0,1,1,1,0,0
199093572,2021,0,0,0,5,1.0,68.0,0,1,1,1,1,0,0
207524147,2021,1,1,1,4,2.0,62.0,1,1,1,1,1,1,0
155432029,2021,0,0,0,4,2.0,45.0,0,0,1,1,1,0,0
143108832,2021,1,1,1,2,2.0,24.0,1,1,1,1,1,0,1
183328157,2021,1,1,1,5,2.0,48.0,0,0,1,1,1,0,1
122960654,2021,0,0,0,3,1.0,42.0,1,1,1,1,0,0,0
117389312,2021,0,0,0,2,2.0,20.0,1,1,1,1,1,0,0
183178087,2021,0,0,0,3,2.0,28.0,1,0,1,1,1,0,0
149883627,2021,1,1,1,5,2.0,27.0,0,0,1,1,1,0,1
126800563,2021,1,1,1,3,2.0,30.0,0,1,1,1,1,0,0
192225556,2021,0,1,0,5,2.0,24.0,0,0,1,1,1,0,1
155662071,2021,1,1,1,5,2.0,36.0,1,0,1,1,1,0,0
121668993,2021,1,1,1,5,1.0,42.0,1,1,1,1,1,0,1
177965094,2021,0,0,0,5,1.0,25.0,1,0,0,1,1,0,0
134703958,2021,1,1,1,5,2.0,27.0,1,0,1,1,1,0,0
134649722,2021,1,1,1,5,2.0,32.0,0,0,1,1,1,0,0
112678294,2021,1,1,1,5,3.0,25.0,0,0,1,1,1,0,0
188469948,2021,1,1,1,4,3.0,31.0,0,0,1,1,1,0,0
140234979,2021,1,1,1,3,1.0,40.0,0,0,1,1,1,0,0
179045319,2021,1,1,1,2,2.0,60.0,1,1,1,1,0,0,0
179838075,2021,0,0,0,5,1.0,24.0,0,1,1,1,1,0,0
140406534,2021,1,1,1,4,2.0,30.0,1,1,0,1,1,0,1
195427874,2021,1,1,1,3,3.0,24.0,1,0,1,1,1,0,0
187506672,2021,1,1,1,3,2.0,23.0,1,0,1,1,1,0,0
165991808,2021,0,0,0,4,1.0,39.0,1,0,1,1,1,0,0
150982777,2021,1,1,1,3,2.0,41.0,0,0,1,1,1,0,0
162889117,2021,0,1,0,3,2.0,39.0,1,1,1,1,1,0,1
123046235,2021,1,1,1,4,2.0,27.0,1,0,1,1,1,0,1
128292704,2021,0,0,0,2,2.0,21.0,0,0,1,1,1,0,0
183950642,2021,1,1,1,2,2.0,18.0,0,0,1,1,1,0,1
165459674,2021,1,1,1,1,2.0,25.0,0,0,1,1,1,0,0
113877864,2021,1,1,1,4,1.0,22.0,1,1,1,1,1,0,0
152838654,2021,1,1,1,5,2.0,20.0,0,0,1,1,1,0,1
116156722,2021,1,1,1,5,2.0,29.0,0,0,1,1,1,0,1
186190061,2021,1,1,1,5,1.0,26.0,0,0,1,1,1,0,0
184031457,2021,1,1,1,5,2.0,20.0,1,0,1,1,1,0,0
183620088,2021,1,1,1,5,2.0,25.0,0,1,1,1,1,0,1
140090889,2021,1,1,1,3,1.0,23.0,1,0,1,1,1,0,1
140545002,2021,1,1,1,4,1.0,48.0,0,1,1,1,1,0,0
152719674,2021,0,0,0,2,2.0,39.0,1,0,0,1,1,0,0
164830027,2021,1,1,1,5,2.0,30.0,0,0,1,1,1,0,1
208272040,2021,0,1,1,4,2.0,32.0,0,0,1,1,1,0,0
190688191,2021,1,1,1,5,2.0,25.0,0,1,1,1,1,0,0
135976762,2021,1,1,1,5,2.0,30.0,0,0,1,1,1,0,0
134909848,2021,0,0,0,3,2.0,25.0,1,0,1,1,1,0,0
165611061,2021,1,1,1,5,2.0,23.0,0,0,1,1,1,0,0
152896573,2021,1,1,1,5,2.0,22.0,0,0,1,1,1,0,1
123316687,2021,0,1,1,1,2.0,76.0,0,0,0,1,0,0,0
130894288,2021,1,1,1,4,2.0,25.0,1,0,0,1,0,0,0
121380362,2021,1,1,1,1,1.0,19.0,0,1,0,1,0,0,0
118187340,2021,1,1,1,5,2.0,32.0,1,0,1,1,1,0,1
165244252,2021,1,1,1,4,2.0,20.0,0,0,1,1,1,0,0
125306864,2021,0,0,0,3,1.0,17.0,1,1,1,1,1,0,0
125785000,2021,1,1,1,2,2.0,20.0,1,1,1,1,1,0,0
125469957,2021,1,1,1,4,2.0,18.0,0,1,1,1,1,0,0
118146758,2021,1,1,1,2,2.0,28.0,0,0,1,1,1,0,0
150312407,2021,1,1,1,5,2.0,27.0,0,0,1,1,1,0,0
161020374,2021,0,0,0,2,2.0,30.0,1,0,1,1,0,0,1
144259149,2021,1,1,1,5,1.0,25.0,0,0,1,1,1,0,0
187417361,2021,1,1,1,3,2.0,25.0,1,0,1,1,1,0,0
160459372,2021,1,1,1,1,1.0,21.0,1,0,1,1,0,0,0
198411965,2021,1,1,1,5,1.0,32.0,1,0,1,1,1,0,0
124612693,2021,0,0,0,2,1.0,22.0,1,0,0,1,1,0,0
197409926,2021,1,1,1,5,2.0,23.0,0,0,1,1,1,0,0
161373094,2021,1,1,1,4,2.0,42.0,0,0,1,1,1,0,0
203738017,2021,1,1,1,2,2.0,40.0,0,1,1,1,1,0,0
165122734,2021,1,1,1,3,2.0,24.0,1,1,1,1,1,0,0
196340701,2021,1,1,1,4,2.0,38.0,0,1,1,1,1,0,0
155762086,2021,0,0,0,2,1.0,52.0,0,1,0,1,1,0,0
194439731,2021,1,1,1,5,2.0,20.0,0,0,1,1,1,0,1
179740415,2021,1,1,1,5,2.0,29.0,0,0,1,1,1,0,0
111146058,2021,1,1,1,4,2.0,30.0,0,0,1,1,1,0,0
123796803,2021,1,1,1,5,2.0,23.0,1,0,1,1,1,0,0
143417869,2021,1,1,1,2,2.0,26.0,1,0,1,1,1,0,0
125147191,2021,1,1,1,3,2.0,30.0,1,1,1,1,1,0,1
128991159,2021,0,0,0,2,1.0,23.0,1,1,1,1,1,0,0
206215623,2021,1,1,1,5,2.0,25.0,1,0,1,1,1,0,1
166151626,2021,1,1,1,1,2.0,35.0,1,0,1,1,1,0,0
133884355,2021,0,1,1,1,2.0,34.0,0,0,1,1,1,0,0
178552428,2021,1,1,1,4,1.0,27.0,1,0,1,1,1,0,0
171501303,2021,1,1,1,4,2.0,19.0,1,0,1,1,0,0,0
208231596,2021,1,1,1,5,2.0,30.0,0,1,1,1,1,0,1
187031031,2021,1,1,1,1,2.0,56.0,1,0,1,1,0,0,1
206872842,2021,1,1,1,4,2.0,27.0,0,1,1,1,1,0,0
194755964,2021,0,0,0,4,2.0,24.0,1,0,1,1,0,0,0
211018978,2021,1,1,1,3,2.0,20.0,0,1,1,1,1,0,0
157047688,2021,1,1,1,5,2.0,25.0,1,1,1,1,0,0,1
174023342,2021,1,1,1,2,2.0,21.0,0,1,1,1,1,0,0
140715908,2021,1,1,1,3,2.0,20.0,1,0,1,1,0,0,0
208897984,2021,0,1,0,3,2.0,38.0,0,0,1,1,1,0,1
160003332,2021,0,0,0,2,2.0,35.0,1,1,0,1,1,0,0
137912223,2021,1,1,1,2,2.0,48.0,1,1,1,1,1,0,0
206260718,2021,0,0,0,5,2.0,29.0,0,0,0,1,1,0,0
130933247,2021,0,1,0,1,1.0,25.0,0,1,1,1,1,0,0
147674519,2021,0,1,1,3,2.0,34.0,0,1,1,1,1,0,1
150856804,2021,1,1,1,5,3.0,38.0,0,0,1,1,1,1,1
132904853,2021,1,1,1,2,2.0,33.0,0,0,1,1,1,1,0
170540398,2021,0,0,0,2,2.0,24.0,0,0,1,1,1,0,0
184666876,2021,1,1,1,5,2.0,24.0,0,0,1,1,1,0,0
145287563,2021,0,0,0,2,2.0,21.0,0,0,1,1,1,0,0
202469830,2021,0,0,0,1,1.0,57.0,0,1,1,1,1,0,0
142341220,2021,1,1,1,5,3.0,26.0,1,0,1,1,1,1,1
141432031,2021,1,1,1,4,2.0,38.0,1,1,1,1,1,0,0
154442489,2021,1,1,1,5,1.0,26.0,1,1,1,1,1,0,0
123901696,2021,1,1,1,2,2.0,50.0,1,1,1,1,0,0,0
139160818,2021,1,1,1,4,2.0,18.0,0,0,1,1,1,0,0
168860226,2021,1,1,1,3,2.0,21.0,0,0,1,1,1,0,0
144340914,2021,1,1,1,4,2.0,35.0,1,0,1,1,1,0,0
191014548,2021,1,1,1,4,2.0,21.0,1,0,1,1,1,0,0
146084399,2021,1,1,1,3,2.0,25.0,1,1,1,1,1,0,0
184529757,2021,0,0,0,5,1.0,17.0,0,0,1,1,0,0,0
183823206,2021,0,0,0,1,1.0,35.0,0,0,1,1,0,0,0
156551914,2021,1,1,1,1,2.0,25.0,1,1,1,1,0,0,0
138432822,2021,1,1,1,1,2.0,47.0,0,1,1,1,1,0,0
171804920,2021,1,1,1,2,3.0,41.0,0,0,1,1,1,0,1
208445042,2021,1,1,1,5,2.0,28.0,0,0,1,1,1,0,1
122111012,2021,1,1,1,3,2.0,22.0,1,1,1,1,1,0,0
182057809,2021,0,0,0,5,2.0,16.0,1,0,0,1,0,0,0
203915733,2021,1,1,1,2,2.0,22.0,0,0,1,1,1,0,0
169385086,2021,0,0,0,2,1.0,35.0,0,0,1,1,1,0,0
127018832,2021,1,1,1,3,2.0,24.0,1,0,1,1,1,0,1
205230519,2021,1,1,1,3,2.0,32.0,0,0,1,1,1,0,1
187957630,2021,1,1,1,5,1.0,27.0,1,0,1,1,1,0,0
180120873,2021,0,0,0,2,1.0,34.0,1,0,1,1,1,0,0
117610074,2021,0,1,1,1,1.0,40.0,1,0,1,1,1,0,0
160814886,2021,0,0,0,3,2.0,49.0,0,0,1,1,1,0,0
159495308,2021,1,1,1,4,2.0,30.0,0,0,1,1,0,0,0
116841286,2021,1,1,1,5,2.0,30.0,1,0,1,1,1,0,0
200683024,2021,1,1,1,4,1.0,20.0,1,1,1,1,1,0,0
168498878,2021,1,1,1,5,2.0,36.0,0,0,1,1,1,0,0
128772305,2021,1,1,1,5,2.0,32.0,0,1,1,1,1,0,0
115423551,2021,1,1,1,3,2.0,36.0,0,0,1,1,1,0,1
125825670,2021,0,0,0,3,2.0,31.0,1,1,1,1,1,0,0
182894316,2021,1,1,1,2,2.0,26.0,0,1,1,1,1,0,0
153833628,2021,0,1,1,5,3.0,30.0,0,1,1,1,1,0,1
136634639,2021,0,0,0,4,2.0,18.0,0,0,0,1,0,0,0
148078622,2021,1,1,1,5,3.0,25.0,1,0,1,1,1,0,1
111386768,2021,0,1,1,4,2.0,22.0,0,0,1,1,1,1,0
170607653,2021,1,1,1,2,2.0,50.0,1,1,1,1,1,0,0
174980843,2021,1,1,1,3,2.0,25.0,1,0,1,1,1,0,0
137044072,2021,0,0,0,1,2.0,42.0,0,0,1,1,1,0,0
161591939,2021,1,1,1,3,2.0,29.0,0,0,1,1,1,0,1
192011663,2021,1,1,1,5,2.0,23.0,0,0,1,1,1,0,0
183010705,2021,1,1,1,5,2.0,25.0,1,1,1,1,1,0,0
192339509,2021,0,0,0,1,2.0,17.0,1,1,0,1,0,0,0
197546946,2021,0,0,0,5,1.0,19.0,1,1,1,1,1,0,0
153972088,2021,0,0,0,1,1.0,18.0,0,1,1,1,1,0,0
181379609,2021,1,1,1,5,1.0,28.0,0,0,1,1,1,0,1
190636162,2021,1,1,1,3,2.0,30.0,0,1,1,1,1,0,0
172815040,2021,1,1,1,3,2.0,23.0,1,0,1,1,0,0,1
200523608,2021,1,1,1,3,2.0,28.0,0,1,1,1,1,0,0
133992246,2021,0,0,0,2,2.0,29.0,1,0,1,1,0,0,0
147532300,2021,1,1,1,2,1.0,29.0,1,1,1,1,1,0,0
179360278,2021,1,1,1,5,2.0,49.0,1,0,1,1,1,0,1
151965751,2021,1,1,1,2,2.0,45.0,0,0,1,1,1,0,0
189172876,2021,0,0,0,3,1.0,63.0,1,1,1,1,0,0,0
174988267,2021,1,1,1,5,2.0,66.0,1,0,1,1,1,0,1
195276908,2021,1,1,1,4,1.0,52.0,0,0,1,1,1,0,0
122178759,2021,1,1,1,2,1.0,25.0,1,0,1,1,1,0,0
126148746,2021,0,0,0,1,1.0,27.0,1,1,0,1,0,0,0
133571947,2021,0,0,0,5,2.0,26.0,0,0,1,1,0,0,0
192685443,2021,1,1,1,5,3.0,38.0,0,0,1,1,1,1,1
126869277,2021,0,0,0,5,2.0,30.0,0,0,1,1,1,0,0
154824080,2021,0,1,1,5,2.0,67.0,0,0,1,1,1,0,1
138711373,2021,1,1,1,5,3.0,29.0,0,0,1,1,1,0,1
139860851,2021,0,0,0,1,1.0,35.0,1,1,0,1,1,0,0
186250246,2021,0,0,0,1,1.0,75.0,1,0,1,1,0,0,0
203871003,2021,0,0,0,1,1.0,24.0,1,1,1,1,1,0,0
145178593,2021,0,1,0,4,2.0,30.0,0,0,1,1,1,0,0
175575406,2021,0,0,0,3,2.0,34.0,0,0,1,1,1,0,0
185829340,2021,0,0,0,1,1.0,80.0,1,1,1,1,1,0,0
181588735,2021,1,1,1,5,2.0,39.0,1,0,1,1,1,0,1
189899703,2021,1,1,1,5,2.0,29.0,1,0,1,1,1,0,1
201314366,2021,0,0,0,4,2.0,38.0,0,1,1,1,1,0,0
198122793,2021,0,0,0,4,1.0,40.0,1,1,0,1,1,0,0
193628083,2021,0,1,0,4,2.0,34.0,1,0,0,1,1,0,1
120077938,2021,1,1,1,4,2.0,19.0,0,0,1,1,1,0,0
179440627,2021,1,1,1,4,2.0,34.0,1,1,1,1,1,0,0
140831757,2021,1,1,1,1,1.0,40.0,0,1,1,1,1,0,0
205743997,2021,0,0,0,1,1.0,15.0,1,0,0,1,1,0,0
156058415,2021,0,0,0,3,1.0,30.0,0,0,1,1,1,0,0
153272726,2021,0,0,0,2,1.0,27.0,1,0,1,1,0,0,0
141737135,2021,1,1,1,2,1.0,32.0,1,1,1,1,1,1,0
149120035,2021,1,1,1,5,2.0,25.0,1,0,1,1,1,0,0
166870385,2021,1,1,1,4,2.0,50.0,1,0,1,1,1,0,0
135730829,2021,1,1,1,3,1.0,26.0,0,1,1,1,1,0,0
160200398,2021,1,1,1,1,1.0,50.0,1,1,1,1,1,0,0
190240522,2021,1,1,1,2,2.0,30.0,0,0,1,1,1,0,1
203547635,2021,1,1,1,5,1.0,34.0,1,0,1,1,1,0,0
111854561,2021,1,1,1,5,3.0,71.0,0,0,1,1,1,0,1
162183453,2021,0,0,0,2,1.0,34.0,0,1,1,1,1,0,0
127154107,2021,0,1,1,4,2.0,32.0,0,0,1,1,1,0,0
204904947,2021,0,0,0,1,1.0,17.0,1,1,1,1,1,0,0
151110061,2021,1,1,1,4,2.0,21.0,0,0,1,1,1,1,1
172075628,2021,1,1,1,1,1.0,50.0,1,1,1,1,1,0,0
148492070,2021,1,1,1,2,2.0,23.0,1,0,1,1,0,0,0
123976037,2021,1,1,1,5,2.0,23.0,0,1,1,1,1,1,0
122610956,2021,1,1,1,3,2.0,25.0,1,0,1,1,1,1,0
201475220,2021,1,1,1,5,2.0,38.0,0,1,1,1,1,0,0
182516865,2021,1,1,1,1,1.0,40.0,0,1,1,1,1,0,0
140908400,2021,1,1,1,4,2.0,41.0,0,0,1,1,1,0,1
194410376,2021,1,1,1,5,2.0,31.0,0,0,1,1,1,0,0
112049577,2021,0,1,1,5,2.0,38.0,0,0,1,1,0,0,1
120478880,2021,1,1,1,1,2.0,32.0,0,1,1,1,1,0,0
165776301,2021,1,1,1,4,2.0,25.0,1,1,1,1,0,0,0
113400840,2021,0,1,1,2,1.0,58.0,0,1,0,1,1,1,0
115814119,2021,1,1,1,3,1.0,32.0,1,0,1,1,1,0,0
142431722,2021,1,1,1,1,2.0,30.0,1,0,1,1,1,0,1
193566178,2021,1,1,1,5,2.0,40.0,1,0,1,1,1,0,1
169762396,2021,0,0,0,2,1.0,45.0,1,1,1,1,1,0,0
119671400,2021,1,1,1,5,2.0,36.0,0,0,1,1,1,0,0
122636705,2021,1,1,1,5,2.0,29.0,1,1,1,1,1,0,1
148845088,2021,1,1,1,2,2.0,19.0,0,1,1,1,1,0,0
155254470,2021,0,1,1,4,1.0,83.0,0,1,1,1,1,1,1
163983835,2021,1,1,1,4,2.0,17.0,1,1,1,1,0,0,0
113167339,2021,1,1,1,3,2.0,29.0,1,0,1,1,1,0,0
133276508,2021,1,1,1,5,2.0,28.0,0,0,1,1,1,0,1
158521965,2021,1,1,1,4,3.0,37.0,1,0,1,1,1,0,1
162262811,2021,0,0,0,4,2.0,28.0,1,0,1,1,1,0,0
159719799,2021,1,1,1,4,2.0,23.0,0,0,1,1,0,0,0
195768215,2021,1,1,1,1,2.0,42.0,0,0,1,1,1,1,1
200295785,2021,1,1,1,4,1.0,22.0,1,1,1,1,1,1,1
140782736,2021,1,1,1,3,2.0,56.0,1,1,1,1,0,0,1
154308867,2021,0,0,0,1,2.0,55.0,1,1,0,1,0,0,0
128745767,2021,1,1,1,3,2.0,28.0,1,0,1,1,1,0,0
128334211,2021,1,1,1,5,2.0,28.0,1,0,1,1,1,0,0
206021952,2021,1,1,1,5,2.0,23.0,0,0,1,1,1,0,1
157389955,2021,1,1,1,5,2.0,36.0,1,0,1,1,1,0,0
113283599,2021,1,1,1,3,2.0,20.0,0,0,1,1,1,0,0
196232625,2021,0,1,0,3,2.0,70.0,1,0,1,1,0,0,0
141513955,2021,1,1,1,3,2.0,23.0,0,1,1,1,1,0,0
172929044,2021,1,1,1,1,1.0,41.0,1,0,0,1,1,0,0
208810435,2021,0,0,0,2,2.0,17.0,1,0,1,1,0,0,0
193401318,2021,0,0,0,2,1.0,33.0,1,0,1,1,0,0,0
122510502,2021,1,1,1,5,2.0,60.0,1,0,1,1,1,0,0
151058688,2021,1,1,1,2,1.0,46.0,0,0,1,1,1,0,0
119991269,2021,1,1,1,1,2.0,22.0,0,0,1,1,1,0,0
144469271,2021,1,1,1,4,2.0,23.0,0,0,1,1,1,0,0
187979935,2021,0,0,0,4,1.0,16.0,1,1,1,1,1,0,0
168424758,2021,0,0,0,1,2.0,18.0,0,1,1,1,1,0,0
201405952,2021,1,1,1,5,2.0,17.0,0,0,1,1,0,0,0
182860502,2021,1,1,1,5,2.0,20.0,1,0,1,1,1,0,0
131529819,2021,1,1,1,5,3.0,35.0,1,0,1,1,1,0,1
114996411,2021,1,1,1,4,2.0,35.0,0,0,1,1,1,1,1
208194401,2021,0,0,0,1,1.0,31.0,1,1,1,1,0,0,0
158582266,2021,0,0,0,2,1.0,37.0,0,1,1,1,1,0,0
189175329,2021,1,1,1,4,2.0,47.0,0,1,1,1,1,0,0
200667924,2021,1,1,1,3,1.0,37.0,0,1,1,1,1,0,0
121002162,2021,1,1,1,2,2.0,34.0,1,0,1,1,1,0,1
165070915,2021,0,1,1,5,2.0,46.0,0,0,1,1,1,1,1
127450891,2021,0,0,0,5,2.0,29.0,0,1,1,1,1,0,0
111617052,2021,0,1,1,1,1.0,45.0,0,1,1,1,1,0,1
199118639,2021,0,0,0,1,1.0,39.0,1,1,0,1,1,0,0
184030587,2021,1,1,1,3,2.0,35.0,1,0,1,1,1,0,1
202170159,2021,1,1,1,4,2.0,22.0,0,0,1,1,1,1,1
116622450,2021,1,1,1,5,2.0,25.0,0,0,1,1,1,0,1
201961464,2021,1,1,1,5,2.0,26.0,0,0,1,1,1,0,0
180283295,2021,0,0,0,1,1.0,27.0,0,1,0,1,0,0,0
201178701,2021,0,1,0,3,1.0,55.0,1,0,1,1,1,0,0
167046078,2021,1,1,1,1,2.0,27.0,0,1,1,1,1,0,0
185415959,2021,1,1,1,1,1.0,56.0,1,1,1,1,1,0,0
190252694,2021,0,0,0,1,1.0,30.0,1,1,0,1,0,0,0
210829270,2021,0,0,0,3,1.0,49.0,1,0,1,1,1,0,0
118818296,2021,0,0,0,1,2.0,41.0,1,1,1,1,1,0,0
197877432,2021,1,1,1,3,2.0,25.0,1,0,1,1,1,0,1
173442936,2021,1,1,1,4,3.0,27.0,0,1,1,1,1,0,0
137797447,2021,1,1,1,3,2.0,25.0,1,1,1,1,1,0,0
114825829,2021,1,1,1,3,1.0,18.0,1,1,1,1,1,0,0
202604300,2021,1,1,1,5,2.0,25.0,1,0,1,1,0,0,0
175251238,2021,1,1,1,4,2.0,28.0,0,0,1,1,1,0,0
135256392,2021,1,1,1,2,2.0,25.0,0,0,1,1,1,0,1
137728219,2021,1,1,1,5,2.0,27.0,0,1,1,1,1,0,0
154014218,2021,1,1,1,5,2.0,26.0,0,0,1,1,1,0,0
149417473,2021,1,1,1,4,1.0,62.0,0,0,0,1,1,0,1
188759015,2021,1,1,1,2,2.0,62.0,1,0,1,1,0,0,0
132146057,2021,0,0,0,2,1.0,16.0,1,1,1,1,0,0,0
175374624,2021,1,1,1,5,2.0,27.0,0,0,1,1,1,0,1
135197550,2021,1,1,1,3,2.0,33.0,1,0,1,1,1,0,0
139972544,2021,1,1,1,4,2.0,30.0,0,0,1,1,1,0,0
174991053,2021,1,1,1,2,2.0,21.0,0,0,1,1,1,0,0
208551524,2021,1,1,1,3,2.0,36.0,1,0,1,1,1,0,0
173200904,2021,1,1,1,5,2.0,20.0,0,0,1,1,1,0,1
112182944,2021,1,1,1,3,2.0,22.0,1,1,1,1,0,0,0
114894010,2021,1,1,1,4,3.0,27.0,0,0,1,1,1,0,0
156374115,2021,1,1,1,3,1.0,24.0,1,1,1,1,1,0,0
146919819,2021,1,1,1,4,2.0,36.0,1,0,1,1,1,0,0
114238277,2021,1,1,1,5,2.0,35.0,1,0,1,1,1,0,0
174682186,2021,0,1,0,2,2.0,59.0,0,1,1,1,1,0,0
156001883,2021,1,1,1,2,1.0,39.0,1,1,1,1,1,0,0
117942433,2021,1,1,1,5,2.0,39.0,0,1,1,1,1,0,0
161665712,2021,1,1,1,4,2.0,25.0,1,0,1,1,1,0,0
210105854,2021,0,1,1,1,2.0,58.0,1,0,1,1,1,0,1
132382434,2021,1,1,1,2,2.0,19.0,0,0,1,1,1,0,0
149547608,2021,1,1,1,1,2.0,54.0,1,1,1,1,1,1,1
153964920,2021,0,1,1,4,2.0,21.0,0,0,1,1,0,0,0
169046473,2021,1,1,1,5,2.0,29.0,1,0,1,1,1,0,1
194887209,2021,1,1,1,5,2.0,30.0,0,0,1,1,1,0,1
143395465,2021,1,1,1,2,1.0,44.0,0,1,1,1,1,0,0
162828743,2021,1,1,1,4,2.0,25.0,0,0,1,1,1,0,1
116721242,2021,1,1,1,3,2.0,30.0,0,0,1,1,1,0,1
184333210,2021,1,1,1,3,2.0,25.0,0,0,1,1,1,0,0
168936425,2021,1,1,1,5,2.0,21.0,0,0,1,1,0,0,0
161064978,2021,1,1,1,5,3.0,25.0,1,1,1,1,1,0,0
200760349,2021,0,0,0,2,1.0,51.0,1,0,0,1,1,0,0
158412232,2021,1,1,1,2,2.0,18.0,0,1,1,1,1,0,0
153181060,2021,0,0,0,2,1.0,30.0,0,1,0,1,1,0,0
113645902,2021,1,1,1,5,2.0,35.0,1,0,1,1,0,0,1
199346461,2021,1,1,1,5,2.0,25.0,0,0,1,1,1,0,1
137564762,2021,1,1,1,5,1.0,26.0,1,0,1,1,1,0,1
136555844,2021,1,1,1,2,2.0,30.0,0,0,1,1,1,0,0
182415833,2021,1,1,1,5,2.0,22.0,0,0,1,1,0,0,0
199214915,2021,0,0,0,3,1.0,37.0,1,1,1,1,1,0,0
200432154,2021,1,1,1,4,2.0,27.0,0,0,1,1,1,0,0
177130863,2021,1,1,1,1,2.0,45.0,1,0,1,1,1,0,0
124985638,2021,1,1,1,5,2.0,20.0,1,0,1,1,1,0,0
129837434,2021,1,1,1,5,2.0,20.0,1,0,1,1,0,0,0
130999109,2021,1,1,1,5,2.0,23.0,0,0,1,1,1,0,0
117749694,2021,1,1,1,3,1.0,25.0,0,1,1,1,1,0,0
148800432,2021,1,1,1,4,2.0,19.0,1,1,1,1,1,0,0
159136055,2021,0,0,0,4,2.0,52.0,1,0,1,1,0,0,0
170595683,2021,1,1,1,2,1.0,50.0,0,0,1,1,1,0,0
199530945,2021,1,1,1,2,2.0,31.0,1,0,1,1,1,0,0
207942765,2021,0,0,0,3,2.0,18.0,0,0,1,1,0,0,0
199442760,2021,1,1,1,4,2.0,18.0,0,0,1,1,0,0,0
169096165,2021,1,1,1,5,1.0,25.0,1,0,1,1,1,0,0
188545346,2021,1,1,1,3,1.0,19.0,0,1,1,1,0,0,0
115588733,2021,1,1,1,4,2.0,30.0,1,1,1,1,1,0,0
163280246,2021,0,0,0,1,2.0,37.0,0,0,1,1,1,0,0
189757318,2021,1,1,1,1,2.0,19.0,0,0,1,1,0,1,1
131356553,2021,1,1,1,2,2.0,19.0,0,1,1,1,0,0,0
185696193,2021,1,1,1,5,3.0,32.0,0,0,1,1,1,0,1
122523312,2021,0,1,1,4,2.0,32.0,1,0,1,1,1,0,1
195813147,2021,1,1,1,2,1.0,40.0,0,1,1,1,1,1,0
128482383,2021,1,1,1,5,2.0,27.0,1,0,1,1,1,0,0
192006364,2021,0,0,0,4,1.0,25.0,0,1,1,1,1,0,0
193921772,2021,0,0,0,1,2.0,20.0,0,0,1,1,0,0,0
203441803,2021,1,1,1,2,2.0,29.0,0,0,1,1,1,0,0
177924204,2021,1,1,1,3,2.0,66.0,0,0,1,1,1,0,0
199737735,2021,1,1,1,3,1.0,30.0,0,1,1,1,1,0,0
160355446,2021,1,1,1,1,2.0,23.0,0,1,1,1,0,0,0
146481148,2021,0,0,0,4,1.0,29.0,1,0,1,1,0,0,0
182449680,2021,1,1,1,4,1.0,40.0,1,0,1,1,1,0,0
129259353,2021,1,1,1,5,2.0,30.0,0,0,1,1,1,0,1
112973565,2021,0,0,0,4,1.0,15.0,1,1,0,1,0,0,0
122671263,2021,0,0,0,2,2.0,17.0,0,0,1,1,1,0,0
201187979,2021,1,1,1,4,2.0,29.0,0,1,1,1,1,0,0
172542628,2021,0,0,0,2,1.0,35.0,0,1,0,1,1,0,0
207739603,2021,1,1,1,3,1.0,25.0,1,0,1,1,1,0,0
195516215,2021,1,1,1,5,2.0,21.0,0,1,1,1,1,0,0
135446785,2021,1,1,1,4,1.0,18.0,0,1,1,1,1,0,0
172296313,2021,0,0,0,1,1.0,30.0,1,1,1,1,1,0,0
131955717,2021,1,1,1,3,2.0,48.0,0,0,1,1,1,0,0
127477694,2021,1,1,1,4,2.0,50.0,0,0,1,1,1,1,1
145279365,2021,1,1,1,5,2.0,25.0,1,0,1,1,1,0,0
203084558,2021,1,1,1,5,2.0,23.0,1,1,1,1,1,0,1
201859717,2021,0,0,0,5,2.0,16.0,0,0,0,1,0,0,0
174898189,2021,1,1,1,3,2.0,20.0,1,0,1,1,1,0,0
209681638,2021,1,1,1,5,2.0,68.0,1,0,1,1,1,0,0
140226907,2021,1,1,1,4,2.0,37.0,0,0,1,1,1,0,0
204508201,2021,0,0,0,4,1.0,38.0,0,1,1,1,1,0,0
209720431,2021,0,0,0,2,2.0,23.0,1,0,1,1,0,0,0
194496308,2021,0,0,0,3,1.0,35.0,1,1,1,1,1,0,0
159506314,2021,1,1,1,5,2.0,24.0,0,0,1,1,0,0,0
116252118,2021,1,1,1,5,3.0,29.0,1,0,1,1,1,0,1
187147354,2021,1,1,1,4,1.0,17.0,0,1,1,1,1,0,1
163584538,2021,1,1,1,4,2.0,20.0,0,0,1,1,1,0,0
184500144,2021,1,1,1,4,2.0,27.0,1,0,1,1,0,0,1
129390450,2021,0,0,0,1,1.0,37.0,1,1,0,1,0,0,0
150983851,2021,1,1,1,3,2.0,22.0,1,0,1,1,1,0,0
185328472,2021,1,1,1,5,2.0,20.0,1,0,1,1,1,0,1
160761929,2021,0,0,0,2,1.0,47.0,1,1,0,1,1,0,0
182697152,2021,1,1,1,3,2.0,38.0,1,0,1,1,0,1,1
126781702,2021,0,0,0,3,2.0,32.0,1,1,1,1,1,0,0
185354472,2021,0,1,1,3,2.0,21.0,1,1,1,1,0,1,0
187692353,2021,0,0,0,3,1.0,60.0,1,1,1,1,1,0,0
130838316,2021,1,1,1,5,1.0,38.0,1,0,1,1,1,0,0
153123580,2021,1,1,1,4,2.0,29.0,0,1,1,1,1,0,0
132644329,2021,1,1,1,5,2.0,23.0,1,0,1,1,1,0,1
143114403,2021,1,1,1,5,2.0,24.0,0,0,1,1,1,1,1
169034470,2021,1,1,1,5,2.0,25.0,0,0,1,1,1,0,0
161723288,2021,1,1,1,1,2.0,18.0,0,0,1,1,1,0,0
147367611,2021,1,1,1,4,2.0,33.0,0,0,1,1,1,1,1
173795012,2021,0,0,0,3,1.0,28.0,0,1,1,1,1,0,0
122281799,2021,0,0,0,5,2.0,31.0,1,0,1,1,1,0,0
201451134,2021,0,0,0,1,1.0,70.0,1,0,0,1,0,0,0
123489256,2021,0,0,0,1,1.0,74.0,1,0,0,1,1,0,0
153779612,2021,0,0,0,4,2.0,19.0,1,1,1,1,0,0,0
113796926,2021,1,1,1,2,1.0,37.0,0,0,1,1,1,0,1
169897186,2021,0,0,0,3,1.0,22.0,1,1,1,1,1,0,0
140786629,2021,0,0,0,4,2.0,19.0,0,1,1,1,0,0,0
129553969,2021,1,1,1,4,2.0,25.0,0,1,1,1,1,0,0
174028035,2021,0,0,0,1,1.0,36.0,1,1,0,1,0,0,0
160698973,2021,1,1,1,5,2.0,38.0,0,0,1,1,1,0,0
124670083,2021,0,1,0,3,1.0,70.0,1,1,0,1,1,0,0
114046610,2021,1,1,1,5,3.0,30.0,0,0,1,1,1,0,1
182624609,2021,1,1,1,5,1.0,37.0,0,0,1,1,1,0,0
186011440,2021,1,1,1,5,3.0,38.0,0,0,1,1,1,0,1
112570416,2021,1,1,1,3,1.0,77.0,1,0,1,1,0,0,0
111873411,2021,1,1,1,4,2.0,36.0,1,0,1,1,1,0,0
150487756,2021,1,1,1,4,3.0,30.0,0,0,1,1,1,1,1
132749286,2021,0,0,0,1,2.0,55.0,0,1,1,1,1,0,0
126956092,2021,1,1,1,3,2.0,45.0,1,1,1,1,1,0,0
124328566,2021,1,1,1,5,2.0,27.0,0,1,1,1,1,0,0
190731315,2021,1,1,1,4,3.0,28.0,0,0,1,1,1,0,0
162626566,2021,0,0,0,2,1.0,70.0,0,1,1,1,1,0,0
201271178,2021,0,0,0,2,1.0,46.0,1,0,1,1,1,0,0
137965839,2021,0,1,0,3,2.0,41.0,0,0,1,1,1,0,0
210918883,2021,1,1,1,5,2.0,35.0,1,0,1,1,1,0,1
207414818,2021,1,1,1,1,1.0,34.0,1,0,1,1,0,1,0
188725101,2021,1,1,1,3,1.0,50.0,1,0,1,1,1,0,0
153388585,2021,0,0,0,3,1.0,30.0,1,1,1,1,1,0,0
172625901,2021,1,1,1,5,1.0,19.0,0,0,1,1,1,0,0
201534505,2021,0,1,1,2,1.0,56.0,0,1,1,1,1,0,0
157987525,2021,1,1,1,5,3.0,38.0,1,0,1,1,1,0,1
198947854,2021,1,1,1,5,3.0,27.0,0,0,1,1,1,0,1
128218056,2021,1,1,1,5,2.0,32.0,0,0,1,1,1,0,1
117446130,2021,0,1,1,4,1.0,43.0,1,0,1,1,1,0,1
148334943,2021,1,1,1,2,2.0,27.0,0,0,1,1,1,0,0
136566928,2021,1,1,1,1,1.0,67.0,0,0,1,1,1,0,0
114279011,2021,1,1,1,5,2.0,20.0,0,0,1,1,0,0,0
151204525,2021,1,1,1,3,2.0,50.0,0,0,1,1,1,0,1
111899146,2021,1,1,1,5,2.0,30.0,0,0,1,1,1,0,0
156105467,2021,1,1,1,1,1.0,61.0,0,0,1,1,1,0,0
134521239,2021,0,0,0,4,1.0,20.0,0,1,0,1,1,0,0
186958749,2021,0,0,0,3,2.0,72.0,0,1,1,1,1,0,0
194277717,2021,1,1,1,4,1.0,34.0,1,1,1,1,1,0,0
178599752,2021,0,0,0,2,2.0,30.0,1,0,1,1,1,0,0
190238128,2021,1,1,1,5,2.0,31.0,0,0,1,1,1,0,0
132156010,2021,1,1,1,3,2.0,25.0,0,0,1,1,1,0,0
166137949,2021,0,1,1,4,2.0,20.0,1,0,1,1,1,1,1
149831124,2021,1,1,1,5,3.0,31.0,0,0,1,1,1,0,1
134434691,2021,0,0,0,4,2.0,15.0,0,0,1,1,0,0,0
151481379,2021,0,1,1,5,3.0,48.0,0,0,1,1,1,1,1
144535893,2021,1,1,1,4,2.0,33.0,0,1,1,1,1,0,1
188069323,2021,1,1,1,3,2.0,21.0,1,1,1,1,1,0,0
195348238,2021,1,1,1,3,1.0,44.0,1,1,1,1,1,0,0
148553193,2021,0,0,0,2,1.0,30.0,1,1,1,1,1,0,0
164880961,2021,0,1,0,5,3.0,45.0,0,1,1,1,1,0,1
158683695,2021,0,0,0,4,2.0,20.0,1,1,1,1,1,0,0
161105814,2021,1,1,1,3,2.0,23.0,1,1,1,1,1,0,0
116199736,2021,0,0,0,3,2.0,17.0,0,1,1,1,1,0,0
190620864,2021,0,0,0,1,1.0,31.0,0,1,1,1,1,1,0
159539730,2021,0,0,0,2,2.0,24.0,0,1,1,1,1,0,0
151302955,2021,1,1,1,1,2.0,22.0,0,0,1,1,1,0,0
210727110,2021,0,0,0,3,2.0,31.0,0,0,1,1,1,0,0
151283180,2021,1,1,1,4,2.0,33.0,0,1,0,1,1,0,0
132964251,2021,1,1,1,4,2.0,32.0,1,1,1,1,1,1,0
115374258,2021,0,0,0,1,3.0,40.0,1,0,1,1,1,0,0
118282990,2021,1,1,1,5,1.0,47.0,0,1,0,1,1,0,0
199937324,2021,0,0,0,1,2.0,22.0,1,0,1,1,1,0,0
175883872,2021,0,0,0,4,2.0,15.0,0,0,1,1,0,0,0
142860490,2021,0,1,1,5,2.0,40.0,0,0,0,1,1,0,1
157009929,2021,1,1,1,1,2.0,40.0,0,0,1,1,1,0,1
113885128,2021,0,0,0,4,2.0,15.0,1,0,0,1,0,0,0
138696716,2021,1,1,1,1,2.0,26.0,1,0,1,1,0,0,0
147216147,2021,1,1,1,2,1.0,48.0,1,0,1,1,1,0,0
205612813,2021,0,0,0,4,2.0,33.0,0,1,1,1,1,0,0
123274272,2021,1,1,1,2,2.0,40.0,1,0,1,1,1,0,0
165977984,2021,1,1,1,2,2.0,19.0,0,0,1,1,0,0,0
174497722,2021,1,1,1,5,2.0,31.0,0,0,1,1,1,0,1
202005066,2021,1,1,1,1,2.0,36.0,1,1,1,1,1,0,0
116813836,2021,1,1,1,3,2.0,26.0,0,1,1,1,1,0,0
154363518,2021,1,1,1,3,2.0,36.0,1,0,1,1,1,1,1
113950366,2021,1,1,1,5,2.0,29.0,0,1,1,1,1,0,0
179420005,2021,0,1,1,5,2.0,30.0,0,0,1,1,1,0,1
135652706,2021,1,1,1,4,2.0,42.0,1,0,1,1,1,0,0
173167040,2021,1,1,1,4,2.0,25.0,0,0,1,1,1,0,0
135102555,2021,1,1,1,1,2.0,19.0,1,1,1,1,0,0,0
183271410,2021,1,1,1,3,2.0,35.0,1,0,1,1,1,1,1
201592357,2021,1,1,1,4,3.0,25.0,1,0,1,1,1,0,1
210531111,2021,0,0,0,2,1.0,45.0,1,1,0,1,1,0,0
180520939,2021,1,1,1,3,2.0,17.0,1,0,1,1,0,0,0
164620606,2021,0,0,0,3,1.0,48.0,0,1,0,1,1,0,0
147477736,2021,1,1,1,3,1.0,36.0,0,0,1,1,1,0,0
201128908,2021,0,0,0,3,2.0,26.0,1,0,1,1,1,0,0
204969218,2021,1,1,1,1,2.0,37.0,1,0,1,1,1,0,0
112787756,2021,0,0,0,4,1.0,15.0,0,1,1,1,1,0,0
125975911,2021,0,1,1,1,1.0,17.0,0,0,1,1,1,0,0
148598640,2021,1,1,1,4,2.0,23.0,1,0,1,1,1,0,0
133864404,2021,1,1,1,2,1.0,19.0,0,0,1,1,1,0,0
150451277,2021,0,1,1,5,2.0,25.0,0,1,1,1,1,0,1
145342474,2021,0,0,0,4,2.0,17.0,0,0,1,1,0,0,0
113168739,2021,1,1,1,5,2.0,60.0,0,0,1,1,0,0,1
122518153,2021,1,1,1,2,2.0,32.0,1,1,1,1,1,0,0
203034208,2021,1,1,1,4,1.0,35.0,1,0,1,1,1,0,0
132095448,2021,1,1,1,4,1.0,35.0,0,1,1,1,1,0,0
157898552,2021,1,1,1,2,1.0,50.0,0,1,1,1,1,0,0
181681079,2021,1,1,1,5,2.0,37.0,1,0,1,1,1,0,1
143491255,2021,1,1,1,1,1.0,55.0,1,0,1,1,0,0,0
144430887,2021,1,1,1,3,2.0,39.0,0,0,1,1,1,0,0
159228434,2021,1,1,1,5,2.0,32.0,1,0,1,1,1,0,1
158531920,2021,1,1,1,4,2.0,44.0,0,1,1,1,1,1,1
170520005,2021,0,0,0,1,1.0,47.0,0,1,1,1,1,0,0
129827105,2021,1,1,1,4,1.0,44.0,0,0,1,1,1,0,0
168161142,2021,1,1,1,5,2.0,37.0,0,0,1,1,1,0,1
192555471,2021,1,1,1,3,2.0,19.0,0,0,1,1,1,0,0
131561092,2021,0,0,0,1,2.0,40.0,1,0,0,1,0,0,0
154079850,2021,0,0,0,1,2.0,18.0,0,1,1,1,0,0,0
180233241,2021,1,1,1,5,2.0,21.0,0,0,1,1,1,0,1
165832261,2021,1,1,1,4,1.0,30.0,1,0,1,1,0,0,0
139618267,2021,1,1,1,5,2.0,50.0,1,0,1,1,1,0,0
141968400,2021,1,1,1,4,2.0,29.0,0,0,1,1,1,0,0
179115056,2021,1,1,1,2,2.0,21.0,0,1,1,1,1,0,0
157211870,2021,1,1,1,3,2.0,25.0,1,1,1,1,1,0,0
170513133,2021,0,0,0,1,2.0,30.0,1,1,1,1,1,1,0
180775988,2021,0,0,0,1,1.0,35.0,1,1,0,1,1,0,0
190037630,2021,1,1,1,4,1.0,32.0,0,1,0,1,1,0,0
138475025,2021,1,1,1,2,1.0,20.0,1,1,1,1,1,0,0
200815305,2021,1,1,1,3,2.0,31.0,1,0,1,1,1,1,0
195611085,2021,1,1,1,1,2.0,15.0,1,0,1,1,0,0,0
162075376,2021,1,1,1,2,2.0,37.0,0,1,1,1,0,0,0
113851228,2021,1,1,1,5,2.0,31.0,0,1,1,1,1,0,0
177099495,2021,1,1,1,5,1.0,32.0,0,1,1,1,1,0,0
152407108,2021,1,1,1,3,1.0,46.0,0,1,1,1,1,0,0
175927714,2021,1,1,1,5,2.0,30.0,0,0,1,1,1,0,1
175218586,2021,1,1,1,5,1.0,20.0,1,1,1,1,1,0,0
187144956,2021,1,1,1,2,1.0,60.0,1,0,1,1,1,0,0
176274623,2021,0,0,0,3,1.0,47.0,1,0,0,1,1,0,0
141727898,2021,1,1,1,5,2.0,30.0,0,0,1,1,1,0,1
190682121,2021,1,1,1,2,2.0,65.0,0,0,1,1,0,0,1
153279410,2021,1,1,1,5,1.0,55.0,1,1,1,1,1,0,1
129556168,2021,1,1,1,2,1.0,15.0,1,1,1,1,0,0,0
180960677,2021,1,1,1,1,2.0,19.0,0,0,1,1,1,0,0
132635553,2021,1,1,1,5,2.0,25.0,0,0,1,1,1,0,1
169903739,2021,1,1,1,5,3.0,31.0,0,0,1,1,1,1,1
164600064,2021,0,0,0,1,1.0,39.0,1,1,0,1,0,0,0
186590965,2021,1,1,1,3,2.0,27.0,0,1,1,1,1,0,0
163010383,2021,0,1,1,5,1.0,34.0,0,0,1,1,0,1,1
209774552,2021,1,1,1,3,1.0,23.0,0,1,0,1,1,0,0
176651361,2021,0,1,0,2,2.0,54.0,0,1,1,1,1,1,0
121235205,2021,1,1,1,5,2.0,37.0,1,0,1,1,1,0,1
116260424,2021,1,1,1,5,2.0,40.0,0,0,1,1,1,0,0
137899961,2021,0,1,1,5,2.0,31.0,0,0,1,1,1,0,1
175165785,2021,1,1,1,4,1.0,28.0,1,1,1,1,1,1,0
180066177,2021,1,1,1,3,1.0,19.0,1,1,1,1,1,0,0
171173241,2021,1,1,1,3,2.0,22.0,0,0,1,1,1,0,0
122842994,2021,0,0,0,3,1.0,27.0,0,0,1,1,1,0,0
132218966,2021,1,1,1,1,2.0,20.0,0,0,1,1,1,0,1
140675390,2021,1,1,1,2,1.0,16.0,0,0,1,1,0,0,0
190450568,2021,0,0,0,1,1.0,26.0,0,1,1,1,0,0,0
189652903,2021,1,1,1,3,1.0,34.0,0,0,1,1,1,0,0
121648824,2021,1,1,1,5,2.0,28.0,0,0,1,1,1,0,1
200788170,2021,1,1,1,4,2.0,24.0,1,0,1,1,0,0,0
190411673,2021,0,0,0,5,1.0,47.0,0,1,1,1,1,0,0
128650613,2021,1,1,1,5,2.0,31.0,1,0,1,1,1,0,0
117882398,2021,1,1,1,5,2.0,29.0,0,0,1,1,1,0,1
176277294,2021,0,0,0,2,1.0,35.0,1,1,0,1,1,0,0
164472512,2021,1,1,1,4,1.0,27.0,1,0,1,1,1,0,0
115194603,2021,1,1,1,2,2.0,35.0,1,0,1,1,1,0,0
136692449,2021,0,0,0,2,1.0,18.0,0,0,1,1,0,0,0
170237460,2021,0,0,0,1,2.0,30.0,0,1,1,1,1,0,0
124197960,2021,0,1,1,1,2.0,34.0,0,0,1,1,0,0,0
111192989,2021,1,1,1,5,1.0,37.0,1,1,1,1,1,0,0
124981103,2021,0,0,0,3,2.0,17.0,1,0,0,1,1,0,0
204520128,2021,0,1,0,4,1.0,64.0,1,0,1,1,1,1,0
124980333,2021,0,0,0,4,1.0,40.0,0,0,1,1,1,0,0
189109689,2021,0,0,0,3,1.0,57.0,0,0,1,1,1,0,0
153917533,2021,0,0,0,1,2.0,21.0,0,0,1,1,0,0,0
118211414,2021,1,1,1,2,2.0,26.0,1,1,1,1,1,0,0
191728020,2021,0,1,1,2,1.0,30.0,1,1,1,1,1,0,1
128023367,2021,1,1,1,2,1.0,29.0,1,1,1,1,1,0,0
195195422,2021,1,1,1,5,3.0,30.0,0,0,1,1,1,0,1
162632859,2021,0,1,1,2,2.0,60.0,0,1,0,1,1,0,0
198212138,2021,0,0,0,2,1.0,25.0,1,0,1,1,0,0,0
210047396,2021,0,0,0,3,1.0,53.0,0,1,1,1,1,0,0
164034954,2021,1,1,1,1,1.0,36.0,1,1,1,1,1,0,0
129722289,2021,1,1,1,5,2.0,35.0,0,1,0,1,1,0,0
139016533,2021,1,1,1,4,3.0,56.0,0,0,1,1,1,0,1
177177961,2021,0,0,0,2,2.0,16.0,0,0,0,1,0,0,0
193015709,2021,0,0,0,3,2.0,23.0,0,0,1,1,1,0,0
205490056,2021,1,1,1,2,1.0,53.0,1,0,1,1,1,0,0
112475434,2021,1,1,1,4,3.0,23.0,0,1,1,1,1,0,0
142679627,2021,1,1,1,5,3.0,29.0,0,0,1,1,1,0,0
138507367,2021,0,1,1,3,2.0,61.0,1,0,1,1,1,0,1
143182808,2021,1,1,1,5,2.0,19.0,1,0,0,1,1,0,0
139780159,2021,0,0,0,2,1.0,35.0,0,1,1,1,1,0,0
172205138,2021,1,1,1,2,2.0,25.0,0,0,1,1,1,0,0
207284144,2021,1,1,1,3,2.0,38.0,0,1,1,1,1,0,1
119337594,2021,1,1,1,3,2.0,31.0,1,0,1,1,1,0,0
177170670,2021,1,1,1,5,1.0,29.0,0,0,1,1,1,0,0
202116944,2021,1,1,1,1,2.0,19.0,1,0,1,1,0,0,0
127689391,2021,1,1,1,5,2.0,26.0,0,0,1,1,1,0,0
193722287,2021,1,1,1,3,2.0,25.0,1,0,1,1,1,0,0
119878564,2021,1,1,1,4,2.0,30.0,0,1,1,1,1,0,0
208066556,2021,0,0,0,2,2.0,48.0,0,1,1,1,1,0,0
188549577,2021,1,1,1,5,2.0,22.0,1,0,1,1,1,0,0
182919677,2021,1,1,1,1,2.0,17.0,0,0,1,1,0,0,0
165457913,2021,1,1,1,2,2.0,18.0,0,0,1,1,1,0,0
111470296,2021,1,1,1,4,2.0,39.0,1,0,1,1,1,0,0
135253254,2021,1,1,1,4,2.0,23.0,0,1,1,1,1,0,0
203988855,2021,0,0,0,3,1.0,27.0,1,0,0,1,0,0,0
126159925,2021,0,0,0,4,2.0,30.0,0,1,1,1,1,0,0
125650202,2021,1,1,1,5,2.0,25.0,0,0,1,1,1,0,0
127680195,2021,0,0,0,3,1.0,32.0,1,1,1,1,1,0,0
200576297,2021,1,1,1,5,2.0,25.0,0,0,1,1,1,0,1
193203322,2021,1,1,1,4,1.0,30.0,0,0,1,1,1,0,0
181905033,2021,0,0,0,4,2.0,66.0,1,0,0,1,0,0,0
202324918,2021,1,1,1,1,2.0,29.0,1,0,1,1,0,0,0
179693908,2021,0,0,0,4,2.0,25.0,0,1,1,1,1,0,0
174187766,2021,1,1,1,2,1.0,27.0,0,1,1,1,1,0,0
150861350,2021,1,1,1,2,2.0,20.0,0,0,1,1,0,0,0
131998971,2021,1,1,1,5,2.0,42.0,0,1,1,1,1,0,1
150015807,2021,1,1,1,5,2.0,24.0,0,0,1,1,1,0,0
184904561,2021,1,1,1,1,2.0,18.0,0,0,1,1,0,0,0
116103404,2021,1,1,1,1,2.0,23.0,0,0,1,1,1,0,0
189084941,2021,1,1,1,1,2.0,39.0,0,0,1,1,1,0,0
152849383,2021,1,1,1,1,2.0,15.0,1,1,0,1,1,0,0
163236275,2021,0,0,0,5,2.0,24.0,0,0,0,1,1,0,0
142685683,2021,0,1,0,3,2.0,25.0,1,1,1,1,1,0,0
131639781,2021,1,1,1,5,2.0,20.0,0,0,1,1,1,0,1
124909035,2021,1,1,1,3,2.0,27.0,0,1,1,1,1,0,1
182566063,2021,1,1,1,4,2.0,27.0,0,0,1,1,0,0,0
174549036,2021,0,0,0,1,1.0,40.0,1,1,1,1,1,0,0
197465747,2021,1,1,1,3,2.0,21.0,0,0,1,1,1,0,0
144382947,2021,1,1,1,3,2.0,20.0,1,0,1,1,0,0,0
154202207,2021,1,1,1,5,2.0,30.0,0,0,1,1,1,0,1
207029749,2021,1,1,1,5,2.0,24.0,0,0,1,1,1,0,0
133380737,2021,1,1,1,4,2.0,27.0,0,0,1,1,1,0,0
120003038,2021,1,1,1,5,2.0,27.0,0,0,1,1,1,0,0
170482483,2021,0,0,0,4,2.0,71.0,1,1,0,1,1,0,0
210167778,2021,0,0,0,2,1.0,55.0,1,0,0,1,1,0,0
145071534,2021,1,1,1,5,2.0,18.0,1,0,1,1,1,0,0
123939842,2021,1,1,1,4,2.0,23.0,0,0,1,1,1,0,0
208110394,2021,1,1,1,3,1.0,26.0,0,1,1,1,1,0,0
169366943,2021,1,1,1,5,3.0,28.0,0,0,1,1,1,0,1
184982062,2021,1,1,1,5,3.0,29.0,0,0,1,1,1,0,1
118864956,2021,0,0,0,2,2.0,62.0,0,1,1,1,1,0,0
129569219,2021,1,1,1,5,1.0,32.0,1,1,1,1,1,0,0
120951814,2021,0,0,0,4,1.0,20.0,0,1,1,1,1,0,0
148099270,2021,0,0,0,4,1.0,35.0,1,0,0,1,0,0,0
172532771,2021,1,1,1,4,2.0,21.0,0,0,1,1,0,0,0
185851023,2021,1,1,1,5,2.0,27.0,0,0,1,1,1,0,1
165609820,2021,1,1,1,5,2.0,30.0,0,0,0,1,1,0,0
145057900,2021,1,1,1,3,1.0,29.0,0,0,1,1,1,0,1
127423387,2021,1,1,1,5,2.0,23.0,0,0,1,1,1,0,0
156776418,2021,1,1,1,4,2.0,40.0,1,0,1,1,1,0,0
168039244,2021,0,0,0,5,1.0,52.0,0,0,0,1,1,0,0
124462959,2021,0,0,0,4,2.0,18.0,1,1,0,1,0,0,0
205147739,2021,0,0,0,2,2.0,18.0,1,0,1,1,1,0,0
179738832,2021,0,1,0,3,2.0,23.0,1,0,0,1,1,0,0
195410971,2021,1,1,1,1,2.0,27.0,0,0,1,1,1,0,0
166983835,2021,1,1,1,4,2.0,44.0,0,1,1,1,1,0,0
182436086,2021,1,1,1,4,2.0,35.0,1,0,1,1,1,0,1
179187205,2021,1,1,1,4,2.0,53.0,1,0,1,1,1,1,0
193690465,2021,0,0,0,4,1.0,20.0,1,1,1,1,0,0,0
174648453,2021,1,1,1,5,2.0,53.0,0,0,1,1,1,0,1
136809267,2021,1,1,1,4,2.0,29.0,0,0,1,1,1,0,0
189471427,2021,0,1,1,4,2.0,64.0,1,0,1,1,1,1,0
136932862,2021,1,1,1,3,2.0,28.0,1,1,1,1,1,0,0
160819991,2021,1,1,1,1,2.0,28.0,0,1,1,1,1,0,1
183881484,2021,1,1,1,3,2.0,20.0,0,0,1,1,0,0,1
181409809,2021,0,0,0,2,1.0,48.0,1,0,1,1,0,0,0
202509824,2021,1,1,1,5,3.0,29.0,1,0,1,1,1,1,1
183670004,2021,1,1,1,5,2.0,40.0,0,0,1,1,1,1,0
144657328,2021,1,1,1,5,2.0,25.0,0,1,1,1,1,0,1
116507897,2021,1,1,1,5,3.0,28.0,1,1,1,1,1,1,1
194819526,2021,1,1,1,5,2.0,22.0,1,0,1,1,1,0,0
129930184,2021,1,1,1,3,2.0,22.0,0,1,1,1,1,0,0
205330884,2021,1,1,1,1,1.0,34.0,1,1,1,1,1,0,0
141553297,2021,0,0,0,1,2.0,34.0,0,1,1,1,1,0,0
113972686,2021,1,1,1,4,2.0,24.0,0,0,1,1,0,0,0
124807493,2021,1,1,1,5,2.0,26.0,0,0,1,1,1,0,1
125506461,2021,1,1,1,3,2.0,36.0,1,0,1,1,1,0,0
184203223,2021,1,1,1,5,3.0,44.0,0,0,1,1,1,1,1
194154926,2021,0,0,0,4,2.0,32.0,0,0,1,1,1,0,0
171488482,2021,1,1,1,2,1.0,21.0,1,1,0,1,0,0,0
176596588,2021,0,0,0,1,1.0,50.0,0,1,1,1,1,0,0
207766003,2021,1,1,1,4,2.0,23.0,0,1,1,1,1,0,0
160501930,2021,0,1,1,1,2.0,49.0,1,0,1,1,1,0,0
164498333,2021,1,1,1,1,1.0,39.0,0,1,1,1,1,0,0
208636397,2021,1,1,1,1,2.0,28.0,0,0,1,1,0,0,0
180538452,2021,1,1,1,3,2.0,23.0,1,0,1,1,0,0,0
141128621,2021,1,1,1,4,2.0,27.0,1,0,1,1,1,0,0
126363601,2021,1,1,1,2,2.0,25.0,1,1,1,1,1,0,0
164433544,2021,1,1,1,5,2.0,46.0,0,0,1,1,1,0,0
201157388,2021,1,1,1,5,2.0,41.0,0,0,1,1,1,0,1
122833563,2021,0,0,0,3,1.0,50.0,0,1,0,1,0,0,0
138599365,2021,0,1,1,2,1.0,55.0,0,0,1,1,1,1,1
118465227,2021,0,0,0,4,1.0,28.0,0,1,1,1,1,0,0
133447501,2021,0,0,0,1,1.0,45.0,1,0,1,1,1,0,0
151639752,2021,1,1,1,2,2.0,26.0,1,0,1,1,1,0,0
200969408,2021,1,1,1,5,3.0,46.0,1,0,1,1,1,1,1
127103316,2021,1,1,1,4,2.0,25.0,1,1,1,1,1,0,1
191220104,2021,1,1,1,5,3.0,34.0,0,0,1,1,0,0,0
189255044,2021,1,1,1,3,2.0,20.0,0,1,1,1,1,0,0
183928706,2021,1,1,1,1,2.0,26.0,1,0,1,1,0,0,0
202375372,2021,0,0,0,1,2.0,19.0,1,1,1,1,1,0,0
139870051,2021,1,1,1,5,2.0,42.0,0,1,1,1,1,0,1
139117594,2021,1,1,1,3,2.0,24.0,1,1,1,1,1,0,0
151824528,2021,0,0,0,3,2.0,23.0,1,1,1,1,1,0,0
151707601,2021,1,1,1,3,2.0,19.0,0,0,1,1,1,0,1
170572205,2021,0,0,0,4,1.0,30.0,0,1,0,1,1,0,0
187348089,2021,1,1,1,3,2.0,23.0,0,0,1,1,1,0,1
203108313,2021,1,1,1,4,1.0,18.0,1,1,1,1,1,0,0
170784859,2021,1,1,1,5,2.0,22.0,1,0,1,1,0,0,0
177328026,2021,1,1,1,5,2.0,33.0,0,0,1,1,1,0,1
167734614,2021,0,0,0,1,2.0,17.0,1,0,1,1,0,0,0
195681708,2021,0,0,0,1,2.0,19.0,1,1,0,1,1,0,0
175855239,2021,1,1,1,5,1.0,22.0,1,0,1,1,1,0,1
161923640,2021,0,1,1,5,3.0,80.0,0,0,1,1,0,0,0
123339331,2021,0,0,0,1,1.0,52.0,0,1,0,1,1,0,0
140450966,2021,0,0,0,3,2.0,24.0,0,0,1,1,1,0,0
130805016,2021,0,0,0,2,2.0,23.0,1,1,1,1,1,0,0
166409095,2021,1,1,1,3,2.0,18.0,1,1,1,1,0,0,0
191893580,2021,0,0,0,1,1.0,40.0,1,1,0,1,1,0,0
174025189,2021,1,1,1,5,2.0,17.0,1,0,1,1,0,0,0
115022974,2021,1,1,1,2,1.0,29.0,1,1,1,1,1,0,0
118237062,2021,0,1,0,2,1.0,35.0,1,0,1,1,1,0,0
139823064,2021,0,0,0,5,2.0,17.0,1,1,0,1,0,0,0
159828153,2021,1,1,1,1,2.0,30.0,1,0,1,1,1,0,0
125666331,2021,1,1,1,1,2.0,28.0,0,0,1,1,1,0,0
199704957,2021,0,0,0,3,1.0,40.0,1,1,0,1,1,0,0
171679355,2021,1,1,1,4,2.0,24.0,0,1,1,1,1,0,0
165362152,2021,0,1,1,5,2.0,25.0,0,0,1,1,1,0,0
146879949,2021,1,1,1,5,2.0,47.0,0,0,1,1,1,0,1
200939723,2021,0,0,0,1,1.0,20.0,1,1,0,1,1,0,0
143105740,2021,1,1,1,3,1.0,17.0,0,0,1,1,1,0,0
182016027,2021,0,0,0,1,1.0,17.0,1,1,0,1,1,0,0
139874818,2021,1,1,1,4,2.0,32.0,1,0,1,1,1,0,0
134675463,2021,1,1,1,1,2.0,48.0,1,0,1,1,1,0,0
119142426,2021,0,0,0,2,2.0,25.0,0,0,1,1,1,0,0
182429876,2021,0,0,0,1,1.0,27.0,1,1,1,1,1,0,0
123146174,2021,1,1,1,3,1.0,52.0,0,1,1,1,1,0,0
112731601,2021,0,1,1,5,2.0,29.0,0,0,1,1,1,0,0
152868684,2021,1,1,1,5,3.0,31.0,0,0,1,1,1,0,1
114111202,2021,0,0,0,1,1.0,41.0,1,1,0,1,1,0,0
190798475,2021,1,1,1,5,2.0,19.0,1,0,1,1,0,0,0
171124636,2021,1,1,1,4,2.0,19.0,0,1,1,1,1,0,0
115659610,2021,1,1,1,4,2.0,75.0,0,1,0,1,0,0,0
167281735,2021,1,1,1,5,2.0,27.0,0,0,1,1,1,0,1
128154032,2021,1,1,1,5,2.0,27.0,0,0,1,1,1,0,0
196220958,2021,1,1,1,5,1.0,26.0,0,0,1,1,1,0,0
179677549,2021,1,1,1,1,2.0,21.0,0,1,1,1,1,1,0
174770020,2021,1,1,1,5,2.0,32.0,0,0,1,1,1,0,1
141965531,2021,0,0,0,1,2.0,25.0,0,0,1,1,0,0,0
148354065,2021,1,1,1,5,3.0,40.0,0,0,1,1,1,1,0
163134872,2021,0,0,0,1,2.0,15.0,0,0,1,1,0,0,0
162611069,2021,1,1,1,5,1.0,40.0,1,1,1,1,1,0,0
194316174,2021,1,1,1,5,2.0,30.0,1,0,1,1,1,0,0
165355826,2021,1,1,1,4,2.0,37.0,1,0,1,1,1,1,1
137897930,2021,1,1,1,3,2.0,28.0,0,0,1,1,1,0,1
167635368,2021,1,1,1,4,2.0,30.0,0,1,1,1,1,0,1
135138602,2021,0,0,0,1,2.0,22.0,1,0,1,1,0,0,0
204334391,2021,1,1,1,5,3.0,29.0,1,1,0,1,1,0,1
209185167,2021,0,0,0,1,1.0,40.0,1,1,0,1,1,0,0
204549122,2021,1,1,1,2,1.0,22.0,0,0,1,1,1,0,0
168429218,2021,0,0,0,5,2.0,18.0,0,0,1,1,0,0,0
180039028,2021,1,1,1,3,2.0,22.0,0,0,1,1,0,0,0
202337622,2021,1,1,1,4,2.0,16.0,0,0,1,1,0,0,0
145960955,2021,1,1,1,4,2.0,27.0,0,1,1,1,1,0,0
116547608,2021,1,1,1,4,2.0,38.0,0,0,1,1,1,0,0
177511358,2021,0,1,1,3,1.0,45.0,1,0,1,1,1,0,0
167140390,2021,1,1,1,1,1.0,25.0,1,0,1,1,1,0,0
128137575,2021,0,0,0,5,2.0,17.0,0,0,1,1,0,0,0
123804081,2021,0,1,1,5,2.0,35.0,1,0,1,1,1,0,1
200512071,2021,0,0,0,2,1.0,38.0,1,0,0,1,1,0,0
170098342,2021,1,1,1,2,2.0,40.0,1,0,1,1,1,0,0
131965506,2021,1,1,1,3,1.0,32.0,0,1,0,1,1,0,0
159619488,2021,1,1,1,5,2.0,38.0,1,0,1,1,1,0,1
131421110,2021,0,0,0,4,2.0,39.0,1,0,1,1,1,1,0
167417448,2021,0,0,0,4,2.0,15.0,1,0,0,1,0,0,0
188907132,2021,0,0,0,1,2.0,24.0,1,1,1,1,1,0,0
150083545,2021,1,1,1,1,2.0,27.0,1,0,1,1,0,0,0
181404366,2021,0,0,0,5,1.0,31.0,0,0,1,1,1,0,0
182770240,2021,0,1,1,5,2.0,26.0,1,0,1,1,1,0,1
150598527,2021,1,1,1,3,1.0,52.0,1,1,1,1,1,0,0
192791132,2021,1,1,1,4,2.0,24.0,0,1,1,1,1,1,0
168385045,2021,1,1,1,3,2.0,17.0,1,0,1,1,1,0,0
203392246,2021,1,1,1,3,2.0,28.0,0,0,1,1,1,1,0
209667146,2021,1,1,1,5,2.0,21.0,1,0,1,1,1,0,1
141903217,2021,1,1,1,4,2.0,25.0,1,0,1,1,1,0,0
161072746,2021,0,1,1,1,1.0,30.0,1,0,1,1,1,0,0
206160460,2021,1,1,1,1,1.0,29.0,1,1,1,1,1,0,0
131281246,2021,1,1,1,1,1.0,21.0,1,0,1,1,0,0,0
172359017,2021,0,1,1,1,1.0,38.0,1,1,1,1,1,0,0
203380809,2021,0,0,0,5,1.0,40.0,1,0,1,1,1,0,0
184932511,2021,0,0,0,3,2.0,26.0,0,1,0,1,0,0,0
128035110,2021,1,1,1,5,2.0,23.0,0,0,1,1,0,0,1
136110304,2021,1,1,1,5,2.0,25.0,1,0,1,1,1,0,0
136892470,2021,1,1,1,5,2.0,25.0,0,0,1,1,1,0,0
188580348,2021,1,1,1,1,1.0,41.0,1,0,1,1,0,0,0
117545174,2021,1,1,1,5,3.0,24.0,1,0,1,1,1,0,1
140507738,2021,1,1,1,3,2.0,24.0,0,1,1,1,1,0,0
208019735,2021,1,1,1,1,2.0,15.0,0,1,1,1,1,0,0
208059333,2021,1,1,1,5,2.0,24.0,0,1,1,1,1,0,0
166276904,2021,1,1,1,4,2.0,33.0,0,0,1,1,1,0,1
131810761,2021,1,1,1,5,2.0,30.0,1,0,1,1,1,0,0
151868797,2021,1,1,1,4,2.0,42.0,0,0,1,1,1,0,0
140270938,2021,1,1,1,5,3.0,32.0,0,0,1,1,1,1,1
185725468,2021,0,1,1,1,1.0,15.0,1,0,0,1,1,0,1
163093975,2021,1,1,1,1,2.0,26.0,0,0,1,1,1,0,0
187802832,2021,1,1,1,5,3.0,30.0,0,0,1,1,1,1,1
198459620,2021,0,0,0,3,1.0,24.0,1,0,1,1,1,0,0
151574911,2021,1,1,1,4,2.0,28.0,1,0,1,1,1,0,0
181387863,2021,1,1,1,4,3.0,32.0,1,0,1,1,1,0,1
120632000,2021,1,1,1,3,1.0,30.0,1,0,1,1,0,0,0
111377352,2025,1,1,1,3,2.0,45.0,1,1,1,0,1,0,1
111425422,2025,1,1,1,5,2.0,37.0,1,1,1,1,0,1,0
111524531,2025,1,1,1,4,1.0,53.0,1,0,1,1,1,0,0
111573128,2025,1,1,1,4,1.0,23.0,1,1,1,1,1,0,0
111729119,2025,1,1,1,4,2.0,35.0,1,0,1,1,1,0,0
111962256,2025,1,1,1,5,3.0,40.0,0,1,1,1,1,1,1
111997695,2025,1,1,1,4,2.0,35.0,0,1,1,1,1,0,1
112022318,2025,1,1,1,5,2.0,23.0,0,0,1,1,1,0,0
112077408,2025,1,1,1,3,2.0,61.0,0,0,1,1,1,0,0
112104171,2025,1,1,1,5,2.0,28.0,0,0,1,1,1,0,0
112116254,2025,1,1,1,2,1.0,43.0,1,1,1,0,1,0,0
112147772,2025,1,1,1,5,2.0,21.0,0,1,1,1,0,0,0
112255047,2025,1,1,1,1,2.0,20.0,1,1,1,1,0,0,0
112394499,2025,1,1,1,5,2.0,25.0,0,1,1,1,1,0,1
112530175,2025,1,1,1,3,1.0,22.0,1,0,1,1,1,0,0
112550743,2025,1,1,1,4,2.0,23.0,1,0,1,1,1,0,0
112688249,2025,1,1,1,4,2.0,18.0,0,1,1,0,0,0,1
112711863,2025,1,1,1,3,2.0,42.0,0,1,1,1,1,0,1
112734006,2025,1,1,1,3,1.0,24.0,1,1,1,1,1,0,1
112811813,2025,1,1,1,1,2.0,25.0,0,1,1,1,0,0,1
112879205,2025,1,1,1,5,2.0,27.0,0,1,1,1,1,0,1
112897477,2025,0,1,1,2,2.0,28.0,1,0,1,0,1,1,0
113013319,2025,1,1,1,5,2.0,38.0,1,0,1,1,1,0,0
113232434,2025,1,1,1,3,2.0,33.0,0,0,1,1,1,0,1
113360782,2025,1,1,1,3,1.0,47.0,1,0,1,0,1,0,0
113392334,2025,1,1,1,4,2.0,25.0,0,1,1,0,0,0,0
113397555,2025,1,1,1,2,2.0,25.0,1,0,1,1,1,0,0
113553222,2025,1,1,1,1,2.0,18.0,1,0,0,0,0,1,0
113556460,2025,1,1,1,5,3.0,21.0,1,0,1,1,1,0,1
113913026,2025,1,1,1,4,2.0,24.0,1,1,1,1,1,1,1
114067829,2025,1,1,1,2,1.0,55.0,1,1,1,0,1,0,0
114092092,2025,1,1,1,4,2.0,29.0,1,1,1,1,1,1,1
114114193,2025,1,1,1,5,3.0,32.0,0,1,1,1,1,0,1
114202666,2025,1,1,1,3,2.0,32.0,0,0,1,0,1,0,0
114468301,2025,1,1,1,1,1.0,32.0,1,1,1,0,1,0,0
114771142,2025,1,1,1,4,2.0,37.0,1,0,1,1,1,0,0
114907695,2025,1,1,1,1,2.0,20.0,1,0,1,1,0,0,0
115050068,2025,1,1,1,3,2.0,38.0,0,1,1,1,1,1,1
115057001,2025,0,0,0,1,1.0,23.0,1,1,1,0,1,0,0
115352116,2025,1,1,1,3,2.0,23.0,0,0,1,1,1,0,0
115647357,2025,1,1,1,2,2.0,17.0,1,1,1,1,1,0,1
115744765,2025,0,0,0,2,1.0,16.0,1,0,0,0,0,0,0
115839082,2025,1,1,1,5,3.0,40.0,0,0,1,1,1,0,1
116096602,2025,1,1,1,1,2.0,26.0,0,1,1,1,1,0,1
116321250,2025,1,1,1,5,2.0,22.0,1,0,1,0,1,0,1
116325114,2025,1,1,1,1,2.0,62.0,0,1,1,1,0,0,0
116406095,2025,1,1,1,3,2.0,27.0,0,1,1,1,1,0,0
116511769,2025,1,1,1,4,1.0,55.0,1,1,1,1,1,0,0
116532294,2025,1,1,1,4,2.0,25.0,1,1,1,1,1,1,0
116551182,2025,0,0,0,3,2.0,18.0,1,0,1,1,0,0,0
116723243,2025,1,1,1,5,3.0,30.0,0,1,1,1,1,0,1
116727490,2025,1,1,1,5,3.0,32.0,1,0,1,1,1,1,1
116833438,2025,1,1,1,5,2.0,24.0,0,0,1,1,1,0,1
116877181,2025,1,1,1,1,1.0,51.0,1,1,1,0,0,0,0
117019739,2025,1,1,1,2,2.0,21.0,1,1,1,0,1,0,0
117094638,2025,1,1,1,5,3.0,24.0,0,1,1,1,0,0,1
117416972,2025,0,0,0,2,1.0,45.0,1,1,0,0,0,0,0
117580541,2025,1,1,1,4,2.0,28.0,0,0,1,1,1,0,0
117726872,2025,1,1,1,3,2.0,42.0,1,0,1,1,1,0,1
117809193,2025,0,0,0,5,2.0,24.0,1,0,1,0,0,0,0
117855143,2025,1,1,1,4,2.0,24.0,1,0,1,1,0,0,0
117904288,2025,1,1,1,5,1.0,29.0,1,1,1,1,1,0,1
118074157,2025,1,1,1,3,2.0,30.0,0,1,1,1,1,0,0
118208485,2025,1,1,1,4,2.0,25.0,0,0,1,1,1,0,1
118278046,2025,1,1,1,4,2.0,22.0,1,0,1,1,1,0,0
118285596,2025,1,1,1,4,1.0,53.0,1,1,1,0,1,0,0
118489750,2025,1,1,1,4,2.0,18.0,1,1,1,1,0,0,0
118508750,2025,1,1,1,1,1.0,18.0,0,1,1,0,1,0,0
118604383,2025,1,1,1,4,1.0,18.0,1,0,1,0,0,0,0
118607113,2025,1,1,1,1,2.0,37.0,0,1,1,0,1,0,1
118818090,2025,1,1,1,3,1.0,17.0,0,0,1,0,0,0,0
118819966,2025,1,1,1,3,2.0,23.0,0,1,1,1,1,0,0
118827924,2025,0,0,0,1,1.0,35.0,1,1,0,0,1,0,0
118850478,2025,0,0,0,2,2.0,34.0,1,0,1,0,0,0,0
118866079,2025,1,1,1,5,3.0,28.0,0,1,1,1,1,0,1
118890132,2025,0,0,0,2,2.0,17.0,1,0,1,0,0,0,0
118968690,2025,1,1,1,1,1.0,19.0,0,1,1,0,1,0,1
119002701,2025,1,1,1,5,2.0,30.0,1,0,1,1,1,0,0
119030338,2025,1,1,1,3,2.0,24.0,0,0,1,1,0,1,1
119152341,2025,1,1,1,4,3.0,39.0,1,1,1,1,1,0,1
119417163,2025,1,1,1,5,3.0,45.0,1,0,1,1,1,1,1
119470141,2025,1,1,1,1,2.0,64.0,1,0,1,1,1,0,0
119557359,2025,1,1,1,5,2.0,31.0,0,0,1,1,1,0,0
119648881,2025,1,1,1,5,2.0,20.0,1,1,1,1,1,0,0
119761905,2025,1,1,1,2,2.0,45.0,1,0,1,0,1,0,0
119769281,2025,0,0,0,3,1.0,18.0,1,0,1,0,0,0,0
119806513,2025,1,1,1,5,2.0,39.0,0,0,1,1,1,1,1
119942504,2025,0,1,1,3,2.0,36.0,0,0,1,1,0,0,0
120119188,2025,1,1,1,5,3.0,35.0,1,0,1,1,1,1,1
120182655,2025,1,1,1,3,2.0,33.0,0,0,1,1,1,0,0
120231425,2025,1,1,1,3,2.0,20.0,1,1,1,1,0,0,0
120239797,2025,1,1,1,3,2.0,24.0,0,0,1,1,1,0,1
120317244,2025,1,1,1,5,2.0,21.0,0,1,1,1,1,1,1
120377252,2025,0,0,0,1,2.0,20.0,0,1,0,0,1,0,0
120464456,2025,1,1,1,5,3.0,37.0,0,1,1,1,1,1,1
120532463,2025,1,1,1,4,2.0,26.0,0,1,1,1,1,0,1
120574438,2025,1,1,1,1,1.0,25.0,0,0,1,1,1,0,1
120594655,2025,0,0,0,1,1.0,55.0,0,1,0,0,1,0,0
120613716,2025,1,1,1,4,2.0,56.0,0,1,1,1,1,0,1
120629129,2025,1,1,1,4,2.0,25.0,0,0,1,1,1,0,1
120713675,2025,1,1,1,1,2.0,18.0,0,1,1,1,0,0,0
120944379,2025,1,1,1,2,2.0,28.0,1,0,1,0,1,0,0
120951024,2025,0,0,0,4,2.0,27.0,1,0,1,1,0,0,0
120952385,2025,1,1,1,5,1.0,30.0,0,0,1,1,1,0,0
121126001,2025,0,0,0,1,1.0,39.0,1,1,1,0,1,0,0
121135856,2025,1,1,1,1,1.0,53.0,0,0,1,0,0,0,0
121347347,2025,0,0,0,2,1.0,39.0,1,1,1,0,1,0,0
121448043,2025,1,1,1,5,1.0,42.0,0,0,1,0,1,0,0
121459343,2025,1,1,1,4,2.0,55.0,1,1,1,0,0,0,0
121596773,2025,1,1,1,1,2.0,20.0,0,1,1,1,1,0,1
121767035,2025,1,1,1,5,1.0,59.0,0,0,1,1,1,0,0
121817846,2025,1,1,1,3,3.0,30.0,1,1,1,1,1,0,0
121932117,2025,1,1,1,5,3.0,35.0,0,1,1,1,1,0,1
121944729,2025,0,1,1,3,2.0,61.0,0,0,1,1,0,1,0
121946869,2025,1,1,1,1,2.0,28.0,1,1,1,0,1,0,0
121949424,2025,1,1,1,5,2.0,25.0,1,1,1,1,0,0,0
121985050,2025,1,1,1,4,2.0,26.0,1,1,1,1,1,0,0
122124613,2025,1,1,1,5,1.0,29.0,1,1,1,0,1,0,0
122146255,2025,0,1,1,4,2.0,24.0,0,0,1,1,1,0,0
122208429,2025,1,1,1,1,2.0,33.0,0,0,0,0,1,0,0
122265372,2025,1,1,1,4,3.0,42.0,0,0,1,1,1,0,1
122400764,2025,0,0,0,4,2.0,15.0,1,1,0,1,0,0,0
122479140,2025,1,1,1,4,2.0,37.0,0,0,1,1,1,0,1
122554817,2025,1,1,1,4,2.0,26.0,1,0,1,1,1,0,0
122556470,2025,0,0,0,1,1.0,30.0,1,1,0,0,1,0,0
122571153,2025,1,1,1,4,2.0,34.0,1,0,1,1,1,0,0
122591090,2025,1,1,1,4,2.0,25.0,0,1,1,1,1,0,0
122657108,2025,0,0,0,3,1.0,38.0,0,1,0,0,1,0,0
122816535,2025,0,0,0,1,2.0,23.0,0,1,0,0,0,0,0
122870707,2025,1,1,1,4,2.0,23.0,0,0,1,1,1,0,0
123039670,2025,1,1,1,4,1.0,20.0,1,1,1,1,0,0,0
123204919,2025,0,0,0,3,1.0,21.0,1,1,1,1,1,0,0
123234358,2025,0,0,0,3,2.0,17.0,0,1,0,0,0,0,0
123303130,2025,1,1,1,3,2.0,48.0,1,0,1,1,1,0,0
123413211,2025,1,1,1,2,2.0,41.0,1,1,1,0,1,1,1
123503170,2025,1,1,1,1,2.0,19.0,1,1,1,1,1,0,0
123505600,2025,1,1,1,3,3.0,35.0,0,1,1,1,1,0,1
123770569,2025,1,1,1,5,2.0,34.0,0,1,1,1,1,0,0
123851292,2025,1,1,1,5,3.0,30.0,0,1,1,1,1,0,1
123853388,2025,1,1,1,4,2.0,22.0,0,1,1,1,1,0,0
123952176,2025,1,1,1,5,1.0,46.0,1,0,1,0,1,0,0
124415050,2025,1,1,1,2,2.0,26.0,1,0,1,1,0,0,0
124575855,2025,0,0,0,2,1.0,65.0,1,1,0,0,0,0,0
124610476,2025,1,1,1,3,1.0,33.0,1,0,1,0,0,0,0
124700797,2025,1,1,1,5,2.0,23.0,0,0,1,1,1,1,0
124725988,2025,1,1,1,5,2.0,29.0,0,1,1,1,1,0,1
124818469,2025,1,1,1,2,2.0,23.0,1,0,1,0,1,0,0
124862947,2025,1,1,1,5,3.0,35.0,0,0,1,1,1,1,1
124933568,2025,1,1,1,2,2.0,18.0,1,1,1,1,0,0,0
124994203,2025,1,1,1,4,3.0,45.0,0,1,1,1,1,0,0
125103730,2025,1,1,1,4,2.0,33.0,1,1,1,1,1,0,1
125150063,2025,0,1,1,2,2.0,22.0,0,0,1,1,1,0,0
125243859,2025,1,1,1,5,2.0,24.0,0,0,1,1,1,0,1
125249674,2025,1,1,1,3,3.0,45.0,0,0,1,1,1,0,0
125337794,2025,1,1,1,5,2.0,55.0,1,1,0,0,1,0,0
125433004,2025,0,0,0,1,1.0,17.0,0,0,0,0,0,0,0
125456277,2025,0,0,0,1,2.0,21.0,0,1,0,0,1,0,0
125488113,2025,1,1,1,4,2.0,20.0,0,1,1,1,0,0,0
125620999,2025,1,1,1,5,3.0,42.0,0,1,1,0,0,0,0
125749641,2025,1,1,1,2,2.0,25.0,1,0,1,1,1,0,0
125900049,2025,0,0,0,4,2.0,18.0,1,0,1,1,0,0,0
125930990,2025,1,1,1,4,2.0,24.0,0,0,1,1,1,0,0
126009099,2025,1,1,1,3,1.0,19.0,0,1,1,0,1,0,1
126013379,2025,1,1,1,5,1.0,40.0,0,0,1,1,1,0,0
126209225,2025,1,1,1,5,2.0,30.0,0,1,1,1,1,0,1
126309196,2025,1,1,1,2,2.0,20.0,1,1,1,0,1,0,0
126516732,2025,1,1,1,2,1.0,60.0,1,0,1,0,1,0,0
126576480,2025,1,1,1,2,2.0,60.0,1,0,1,0,1,0,0
126607625,2025,0,0,0,1,1.0,40.0,0,1,0,0,1,0,0
126742615,2025,1,1,1,3,1.0,50.0,0,1,1,0,1,0,1
126810977,2025,1,1,1,5,2.0,23.0,1,1,1,1,0,0,0
126848910,2025,1,1,1,1,1.0,27.0,1,1,1,0,1,0,0
126980136,2025,1,1,1,1,2.0,17.0,0,0,1,1,1,0,0
127104115,2025,1,1,1,5,2.0,47.0,0,1,1,1,1,0,1
127130656,2025,1,1,1,2,2.0,23.0,0,1,1,1,1,0,1
127201836,2025,1,1,1,3,2.0,30.0,1,0,1,1,0,0,0
127209986,2025,1,1,1,1,1.0,34.0,1,1,1,0,1,0,0
127220320,2025,1,1,1,2,1.0,31.0,1,1,1,0,1,0,0
127249446,2025,0,1,0,5,1.0,52.0,1,1,1,0,1,0,1
127330242,2025,1,1,1,3,2.0,20.0,0,1,1,1,1,0,1
127677483,2025,1,1,1,5,2.0,34.0,0,0,1,1,1,0,1
127756329,2025,1,1,1,4,2.0,30.0,1,0,1,1,1,0,1
127846107,2025,1,1,1,3,3.0,33.0,1,0,1,1,1,0,1
127927409,2025,0,0,0,1,1.0,100.0,1,1,0,0,0,0,0
127983978,2025,1,1,1,5,2.0,28.0,0,0,1,1,1,0,0
128013784,2025,1,1,1,1,2.0,50.0,0,0,1,1,1,0,0
128149822,2025,1,1,1,2,2.0,28.0,1,1,1,0,1,0,0
128186446,2025,1,1,1,2,2.0,34.0,1,0,1,1,1,0,0
128314532,2025,1,1,1,2,1.0,28.0,1,0,1,1,0,0,0
128335619,2025,1,1,1,5,1.0,45.0,1,1,1,0,1,0,0
128380880,2025,1,1,1,3,1.0,60.0,0,1,1,0,0,0,0
128709829,2025,0,0,0,2,1.0,68.0,1,1,0,0,0,0,0
128741268,2025,1,1,1,2,1.0,50.0,1,0,1,0,1,0,0
128831784,2025,1,1,1,1,1.0,26.0,1,1,1,0,0,0,0
128903419,2025,1,1,1,4,2.0,31.0,1,0,1,1,0,0,0
128957754,2025,1,1,1,4,2.0,23.0,0,1,1,1,1,1,1
129007384,2025,0,0,0,3,1.0,29.0,0,0,1,0,1,0,0
129049992,2025,1,1,1,3,1.0,70.0,1,1,1,0,1,0,1
129105497,2025,1,1,1,3,2.0,18.0,0,1,1,0,1,0,0
129115593,2025,1,1,1,3,2.0,45.0,1,1,1,1,1,0,1
129234497,2025,0,0,0,1,1.0,52.0,1,1,0,0,0,0,0
129255560,2025,1,1,1,4,3.0,36.0,1,0,1,1,1,1,1
129302141,2025,1,1,1,1,2.0,17.0,0,1,0,0,0,0,0
129335995,2025,1,1,1,5,2.0,32.0,0,0,1,1,1,1,1
129581078,2025,1,1,1,2,2.0,35.0,1,0,1,1,1,0,0
129625095,2025,1,1,1,5,2.0,37.0,0,0,1,1,1,0,0
129712967,2025,1,1,1,2,2.0,29.0,0,1,1,0,0,0,1
129761606,2025,0,0,0,5,2.0,35.0,0,1,1,0,0,0,0
129955596,2025,1,1,1,2,2.0,26.0,1,0,1,1,1,0,0
130054365,2025,1,1,1,1,3.0,28.0,0,0,1,1,1,0,0
130174145,2025,1,1,1,2,2.0,35.0,0,1,1,1,1,0,0
130183693,2025,0,0,0,1,1.0,31.0,1,1,0,0,1,0,0
130195701,2025,1,1,1,5,2.0,25.0,1,0,1,1,1,0,0
130233807,2025,1,1,1,4,2.0,37.0,0,0,1,1,1,1,1
130421100,2025,0,1,1,5,2.0,71.0,0,1,1,0,1,0,0
130476155,2025,1,1,1,4,2.0,20.0,0,0,1,1,1,0,0
130673460,2025,1,1,1,4,2.0,37.0,0,0,1,1,1,0,1
130773780,2025,1,1,1,3,1.0,23.0,1,0,1,0,0,0,0
130957205,2025,1,1,1,4,2.0,39.0,1,1,1,1,1,1,1
131136261,2025,1,1,1,5,2.0,23.0,0,0,1,1,0,0,0
131213343,2025,0,0,0,5,2.0,42.0,1,1,1,0,0,0,0
131353879,2025,1,1,1,4,2.0,32.0,0,0,1,1,1,0,1
131463757,2025,1,1,1,1,2.0,15.0,0,0,1,0,0,0,0
131489680,2025,1,1,1,2,2.0,24.0,1,0,1,1,1,0,0
131772750,2025,1,1,1,1,2.0,26.0,0,0,1,0,1,0,0
131843537,2025,0,0,0,3,1.0,60.0,0,1,1,0,0,0,0
131857560,2025,1,1,1,5,2.0,27.0,1,1,1,1,1,0,0
131962269,2025,1,1,1,5,2.0,18.0,0,0,1,0,1,0,0
132194002,2025,1,1,1,2,2.0,43.0,1,0,1,0,1,0,0
132258997,2025,1,1,1,4,1.0,40.0,1,1,1,1,1,0,0
132316147,2025,0,0,0,2,1.0,40.0,0,1,1,0,1,0,0
132367141,2025,1,1,1,5,2.0,42.0,0,0,1,1,1,1,0
132456811,2025,1,1,1,1,1.0,34.0,1,1,1,0,1,0,0
132483691,2025,1,1,1,2,2.0,24.0,1,1,1,1,1,0,0
132507555,2025,1,1,1,5,2.0,40.0,0,0,1,1,1,0,1
132557357,2025,1,1,1,5,2.0,19.0,0,0,0,0,1,0,1
132653439,2025,1,1,1,4,2.0,20.0,0,0,1,1,1,0,0
132688652,2025,1,1,1,3,2.0,36.0,1,1,1,0,1,0,1
133153183,2025,1,1,1,4,2.0,20.0,1,0,1,1,0,0,0
133193084,2025,1,1,1,4,2.0,50.0,0,0,1,1,1,1,1
133403475,2025,0,0,0,1,1.0,34.0,1,1,1,0,1,1,1
133416091,2025,1,1,1,4,2.0,22.0,1,1,1,1,1,0,0
133477442,2025,1,1,1,1,1.0,33.0,1,1,1,1,1,0,1
133742951,2025,1,1,1,5,2.0,36.0,0,0,1,1,1,1,1
133897869,2025,1,1,1,3,1.0,56.0,1,0,1,0,0,0,0
134018152,2025,1,1,1,5,2.0,36.0,0,1,1,1,1,1,1
134087552,2025,1,1,1,2,2.0,27.0,1,0,1,0,1,0,0
134104618,2025,1,1,1,2,2.0,27.0,1,1,1,1,1,0,0
134274830,2025,1,1,1,4,2.0,19.0,0,1,1,0,0,0,0
134315328,2025,1,1,1,3,2.0,42.0,1,0,1,1,1,0,0
134398912,2025,1,1,1,4,2.0,32.0,1,0,1,0,1,0,0
134713661,2025,1,1,1,2,1.0,47.0,0,1,1,1,1,0,1
134732066,2025,0,0,0,3,1.0,43.0,1,1,1,0,0,0,0
134784295,2025,1,1,1,5,2.0,22.0,0,0,1,1,1,0,0
134932490,2025,1,1,1,5,2.0,34.0,0,1,1,1,1,1,1
134977462,2025,1,1,1,4,2.0,30.0,0,1,1,1,1,0,0
135026387,2025,1,1,1,5,3.0,38.0,0,1,1,1,1,0,1
135079402,2025,0,0,0,2,1.0,27.0,0,1,0,0,1,0,0
135177938,2025,1,1,1,2,1.0,24.0,1,0,1,1,0,0,0
135375242,2025,1,1,1,3,1.0,65.0,1,0,1,1,1,0,0
135411492,2025,1,1,1,5,2.0,29.0,1,0,1,1,1,0,0
135427041,2025,1,1,1,3,2.0,18.0,1,1,1,1,0,0,0
135557987,2025,0,0,0,5,1.0,33.0,0,1,0,0,1,0,0
135721933,2025,1,1,1,5,2.0,28.0,1,1,1,1,1,0,1
135791524,2025,0,0,0,2,2.0,16.0,0,1,1,1,0,0,0
135804329,2025,1,1,1,5,2.0,27.0,1,0,1,1,1,0,1
136134170,2025,1,1,1,5,3.0,31.0,0,0,1,1,1,0,1
136172849,2025,0,0,0,3,1.0,50.0,1,1,1,0,0,0,0
136402597,2025,1,1,1,4,2.0,19.0,1,0,1,1,1,0,0
136408581,2025,1,1,1,3,2.0,21.0,0,0,1,1,1,0,1
136829528,2025,1,1,1,3,3.0,21.0,1,0,1,1,1,0,0
136837941,2025,1,1,1,3,2.0,36.0,0,1,1,1,1,0,1
137029838,2025,1,1,1,4,2.0,30.0,0,1,1,1,1,0,1
137108324,2025,1,1,1,5,1.0,25.0,1,0,1,0,0,0,0
137162565,2025,1,1,1,4,2.0,18.0,1,1,1,1,0,0,1
137235127,2025,1,1,1,1,1.0,35.0,1,0,0,0,1,0,0
137391952,2025,1,1,1,5,3.0,30.0,0,0,1,1,1,0,1
137436806,2025,0,0,0,4,1.0,45.0,0,1,0,0,1,0,0
137482921,2025,1,1,1,2,1.0,50.0,0,1,1,0,0,0,0
137574509,2025,1,1,1,4,2.0,27.0,0,0,1,1,1,0,0
137933359,2025,1,1,1,4,2.0,25.0,0,1,1,1,1,0,1
137992951,2025,1,1,1,4,2.0,35.0,0,0,1,1,1,0,0
138234360,2025,0,0,0,5,2.0,42.0,1,1,0,0,1,0,0
138390753,2025,1,1,1,4,2.0,25.0,0,1,1,1,1,0,0
138419647,2025,0,0,0,3,2.0,29.0,0,1,0,0,1,0,0
138533193,2025,1,1,1,4,1.0,40.0,0,0,1,0,1,0,0
138533658,2025,1,1,1,3,1.0,40.0,1,1,1,0,0,0,0
138538510,2025,1,1,1,3,3.0,46.0,0,0,1,1,1,1,1
138714295,2025,1,1,1,5,3.0,35.0,1,0,1,1,1,0,1
138757151,2025,0,0,0,5,1.0,46.0,0,1,0,0,0,0,0
139134431,2025,1,1,1,2,1.0,32.0,0,1,1,0,1,0,1
139287659,2025,1,1,1,3,3.0,39.0,0,1,1,1,1,0,1
139420761,2025,1,1,1,5,2.0,17.0,1,0,1,0,0,0,0
139440257,2025,0,0,0,1,2.0,18.0,1,1,0,0,0,0,0
139445341,2025,1,1,1,2,2.0,30.0,1,1,1,1,1,0,1
139485300,2025,0,0,0,5,2.0,17.0,1,0,0,0,0,0,0
139493091,2025,1,1,1,2,1.0,16.0,0,1,0,0,0,0,0
139690887,2025,1,1,1,1,1.0,24.0,1,1,1,1,0,0,1
139803539,2025,1,1,1,4,2.0,38.0,0,0,1,1,1,0,0
139804657,2025,1,1,1,4,2.0,28.0,0,1,1,1,1,0,0
139830508,2025,1,1,1,5,3.0,35.0,0,1,1,1,1,0,1
139835758,2025,1,1,1,5,1.0,28.0,0,1,1,1,1,0,0
139965161,2025,1,1,1,3,2.0,32.0,1,0,1,1,1,0,0
140159153,2025,1,1,1,5,2.0,18.0,1,0,1,1,1,0,1
140160490,2025,1,1,1,1,1.0,35.0,1,1,1,1,1,0,0
140346285,2025,1,1,1,5,1.0,40.0,1,1,1,1,1,0,0
140541338,2025,1,1,1,2,2.0,52.0,0,0,1,0,1,0,1
140732631,2025,0,1,1,4,1.0,68.0,1,0,1,1,1,0,0
140955033,2025,1,1,1,5,2.0,28.0,1,1,1,1,1,0,1
141042579,2025,1,1,1,5,3.0,36.0,0,0,1,1,1,0,1
141056380,2025,1,1,1,2,2.0,18.0,1,0,1,1,1,0,1
141066914,2025,1,1,1,1,1.0,20.0,1,1,1,0,0,0,0
141203970,2025,1,1,1,1,2.0,18.0,0,0,1,1,0,0,0
141215011,2025,1,1,1,3,2.0,46.0,0,1,1,0,0,0,0
141282001,2025,1,1,1,4,2.0,30.0,1,0,1,1,1,0,0
141310201,2025,1,1,1,3,3.0,39.0,0,1,1,1,1,0,1
141403702,2025,1,1,1,5,2.0,35.0,0,0,1,1,1,0,0
141570695,2025,1,1,1,4,2.0,39.0,0,1,1,1,1,0,1
141679504,2025,1,1,1,1,2.0,22.0,0,1,1,1,1,0,0
141714702,2025,1,1,1,1,2.0,28.0,1,1,1,1,1,0,0
141719605,2025,1,1,1,3,2.0,45.0,0,0,1,1,1,1,1
141840883,2025,1,1,1,1,1.0,30.0,1,0,1,1,0,0,0
141969636,2025,1,1,1,4,1.0,19.0,0,0,1,1,1,0,0
141992187,2025,1,1,1,4,2.0,22.0,0,0,1,0,0,0,0
142256613,2025,1,1,1,3,2.0,38.0,0,0,1,1,0,1,1
142296266,2025,1,1,1,1,2.0,22.0,1,0,1,1,0,0,1
142330193,2025,1,1,1,4,2.0,30.0,0,0,1,1,1,0,1
142333838,2025,1,1,1,3,1.0,43.0,1,1,1,1,1,0,0
142472265,2025,1,1,1,5,1.0,16.0,0,1,1,1,0,0,0
142704242,2025,1,1,1,4,1.0,47.0,0,0,1,0,1,1,1
142808722,2025,1,1,1,3,2.0,42.0,1,1,1,1,1,0,1
142811283,2025,1,1,1,5,3.0,28.0,0,1,1,1,1,0,1
142851283,2025,0,0,0,3,1.0,15.0,0,1,0,0,0,0,0
142876127,2025,1,1,1,5,2.0,22.0,0,0,1,1,1,0,1
143044775,2025,1,1,1,4,2.0,35.0,1,0,1,1,1,0,0
143088133,2025,0,0,0,1,1.0,23.0,1,0,0,0,0,0,0
143502199,2025,1,1,1,1,2.0,46.0,1,1,1,0,0,0,0
143677965,2025,1,1,1,4,1.0,36.0,0,0,1,0,1,0,1
143683454,2025,1,1,1,5,2.0,33.0,0,0,1,1,1,0,0
143689743,2025,1,1,1,1,2.0,40.0,0,1,1,1,1,0,0
143926474,2025,1,1,1,4,2.0,20.0,0,1,1,1,1,0,1
143931343,2025,1,1,1,4,2.0,19.0,1,0,1,1,0,0,0
143954687,2025,0,0,0,3,2.0,24.0,1,0,1,1,1,0,0
144144299,2025,1,1,1,4,2.0,38.0,0,1,1,0,0,0,0
144259709,2025,1,1,1,3,1.0,29.0,1,0,1,0,0,0,0
144387048,2025,1,1,1,4,2.0,20.0,0,1,1,1,1,0,0
144426671,2025,1,1,1,5,3.0,25.0,1,1,1,1,1,1,1
144540177,2025,1,1,1,1,2.0,34.0,1,0,1,1,1,0,0
144656950,2025,1,1,1,1,2.0,20.0,0,1,1,0,1,0,1
144748014,2025,1,1,1,4,2.0,32.0,0,0,1,1,1,0,0
144753447,2025,1,1,1,2,2.0,43.0,1,0,1,1,1,1,1
144875940,2025,1,1,1,5,2.0,49.0,0,0,1,0,1,0,0
144953171,2025,1,1,1,4,2.0,44.0,0,0,1,1,1,0,0
144959679,2025,1,1,1,5,2.0,30.0,1,1,1,1,1,0,0
145137243,2025,0,0,0,3,1.0,30.0,1,0,1,0,1,0,0
145256667,2025,1,1,1,1,2.0,22.0,0,0,1,0,1,0,0
145257612,2025,0,0,0,5,2.0,18.0,1,1,1,1,0,0,0
145322676,2025,1,1,1,5,3.0,39.0,0,0,1,1,1,0,1
145402349,2025,0,0,0,2,1.0,30.0,1,1,1,0,1,0,0
145449305,2025,1,1,1,4,1.0,29.0,1,0,1,0,1,0,0
145464322,2025,1,1,1,2,2.0,28.0,1,0,1,1,0,0,0
145530869,2025,1,1,1,2,2.0,25.0,0,1,1,1,1,0,1
145597786,2025,0,0,0,3,2.0,27.0,0,1,1,0,1,0,0
145836190,2025,1,1,1,5,3.0,31.0,0,0,1,1,1,0,0
145869159,2025,1,1,1,3,2.0,50.0,1,1,1,1,1,0,1
146056476,2025,1,1,1,2,2.0,28.0,1,0,1,0,1,0,0
146072163,2025,1,1,1,2,1.0,46.0,0,0,1,0,1,0,0
146362683,2025,1,1,1,4,3.0,27.0,0,0,1,1,1,0,0
146445612,2025,1,1,1,4,1.0,25.0,1,1,1,0,0,0,0
146585340,2025,1,1,1,5,3.0,43.0,0,0,1,1,1,0,1
146674740,2025,1,1,1,3,2.0,39.0,0,0,1,1,1,0,0
146997321,2025,1,1,1,1,1.0,26.0,1,1,1,1,1,0,0
147023197,2025,1,1,1,4,3.0,33.0,0,0,1,1,1,0,1
147139470,2025,1,1,1,5,3.0,31.0,0,1,1,1,1,0,1
147178922,2025,1,1,1,2,2.0,40.0,0,0,1,0,1,1,1
147289709,2025,0,0,0,4,1.0,30.0,1,1,0,0,1,0,0
147299341,2025,1,1,1,4,2.0,32.0,1,1,1,1,1,0,0
147343503,2025,1,1,1,4,2.0,36.0,0,1,1,1,1,0,1
147365609,2025,0,1,1,1,1.0,16.0,0,1,1,0,1,1,0
147541350,2025,1,1,1,5,2.0,20.0,0,0,1,1,0,0,0
147640908,2025,1,1,1,3,2.0,18.0,1,0,1,0,0,0,0
147655825,2025,1,1,1,5,2.0,29.0,1,0,1,1,1,0,0
147834753,2025,1,1,1,2,1.0,35.0,1,1,1,0,1,0,0
147922859,2025,0,0,0,4,2.0,50.0,1,0,1,0,1,0,0
148090153,2025,1,1,1,4,2.0,39.0,0,1,1,1,1,0,0
148275061,2025,1,1,1,5,2.0,43.0,1,0,1,1,1,0,1
148378630,2025,1,1,1,2,2.0,33.0,1,0,1,1,1,0,0
148471222,2025,1,1,1,2,2.0,45.0,0,1,1,0,1,0,1
148614999,2025,1,1,1,5,2.0,35.0,0,0,1,1,1,0,0
148641978,2025,1,1,1,2,2.0,45.0,1,0,1,0,1,1,1
148746773,2025,1,1,1,4,2.0,25.0,1,0,1,0,1,0,1
148748805,2025,1,1,1,2,1.0,44.0,0,0,1,1,1,0,0
148816223,2025,0,0,0,3,2.0,15.0,0,1,0,0,0,0,0
148824620,2025,1,1,1,4,2.0,30.0,1,1,1,1,1,0,0
148913277,2025,1,1,1,1,1.0,21.0,0,0,1,1,1,0,0
148939891,2025,1,1,1,4,2.0,38.0,0,1,1,1,1,0,0
149042248,2025,1,1,1,1,2.0,25.0,0,1,1,1,1,0,0
149050557,2025,1,1,1,1,2.0,30.0,0,1,1,0,1,0,0
149144666,2025,1,1,1,5,2.0,28.0,0,0,1,1,1,0,1
149159870,2025,1,1,1,5,2.0,34.0,0,1,1,1,1,0,1
149161766,2025,0,0,0,4,2.0,28.0,1,1,1,0,0,0,0
149363338,2025,0,0,0,1,1.0,62.0,1,0,0,0,0,0,0
149468029,2025,1,1,1,5,3.0,32.0,0,0,1,1,1,1,1
149919799,2025,1,1,1,4,2.0,30.0,1,1,1,0,1,0,0
150005029,2025,1,1,1,5,1.0,27.0,0,0,1,1,1,0,0
150077142,2025,0,0,0,3,2.0,35.0,0,0,0,0,1,0,0
150152763,2025,1,1,1,2,2.0,21.0,1,0,1,0,0,0,0
150338959,2025,1,1,1,3,2.0,49.0,0,0,1,1,0,0,0
150400391,2025,1,1,1,5,2.0,30.0,1,1,1,1,1,0,0
150509440,2025,1,1,1,4,3.0,32.0,0,0,1,1,1,0,1
150774941,2025,0,1,0,5,3.0,20.0,0,1,1,1,1,0,0
151006517,2025,1,1,1,1,1.0,56.0,1,1,1,0,1,0,0
151027604,2025,0,0,0,1,2.0,60.0,0,1,1,0,1,1,0
151055572,2025,1,1,1,4,1.0,63.0,1,0,1,0,0,0,0
151059038,2025,0,1,1,5,2.0,30.0,1,1,1,1,0,0,1
151065569,2025,1,1,1,3,3.0,68.0,0,0,1,1,1,1,1
151134262,2025,1,1,1,2,2.0,20.0,0,0,1,0,0,0,0
151233014,2025,0,0,0,3,1.0,15.0,1,0,0,0,0,0,0
151244914,2025,1,1,1,2,2.0,45.0,1,0,1,1,1,0,0
151455445,2025,1,1,1,2,1.0,16.0,1,0,1,0,1,0,0
151544514,2025,0,0,0,2,1.0,30.0,0,1,0,0,1,0,0
151638993,2025,1,1,1,3,1.0,25.0,1,0,1,1,0,0,0
151744236,2025,0,0,0,2,2.0,15.0,0,0,0,0,0,0,0
151977515,2025,1,1,1,5,3.0,41.0,1,1,1,1,1,0,1
152148340,2025,1,1,1,3,2.0,23.0,1,0,1,1,0,0,0
152391003,2025,1,1,1,3,2.0,22.0,1,0,1,1,0,0,0
152425914,2025,1,1,1,5,2.0,70.0,0,0,1,1,1,0,0
152642876,2025,1,1,1,4,2.0,18.0,0,0,1,1,0,0,0
152662479,2025,1,1,1,4,3.0,32.0,1,0,1,1,1,0,1
152736746,2025,1,1,1,4,2.0,25.0,1,1,1,1,1,0,0
152737114,2025,0,0,0,2,2.0,22.0,1,1,1,0,1,1,0
153020687,2025,1,1,1,3,2.0,33.0,0,1,1,1,1,1,1
153089948,2025,1,1,1,1,1.0,40.0,1,1,1,0,1,0,0
153303294,2025,1,1,1,1,2.0,18.0,0,1,1,0,1,0,0
153367699,2025,1,1,1,3,2.0,21.0,1,1,1,1,1,0,0
153447146,2025,0,1,1,2,2.0,27.0,1,0,1,0,0,0,0
153604791,2025,1,1,1,3,2.0,30.0,1,1,1,0,1,0,0
153662700,2025,1,1,1,4,2.0,37.0,1,0,1,1,0,0,0
153725459,2025,1,1,1,3,1.0,50.0,0,1,1,0,0,0,0
153938843,2025,0,1,1,2,1.0,31.0,1,1,1,0,1,0,0
154005403,2025,1,1,1,5,2.0,44.0,0,0,1,1,1,0,0
154148719,2025,1,1,1,4,2.0,20.0,0,0,1,1,0,0,0
154319592,2025,1,1,1,5,1.0,45.0,0,0,1,1,1,0,0
154363342,2025,1,1,1,2,2.0,21.0,0,0,1,1,0,0,0
154480420,2025,1,1,1,4,2.0,21.0,1,1,1,1,1,0,0
154510345,2025,1,1,1,4,2.0,24.0,1,0,1,1,1,0,0
154578498,2025,1,1,1,2,1.0,20.0,0,1,1,0,1,0,0
154650745,2025,1,1,1,3,2.0,28.0,1,0,1,1,0,0,0
154747016,2025,1,1,1,5,2.0,32.0,0,1,1,1,1,0,1
154753378,2025,1,1,1,4,2.0,25.0,1,0,1,1,1,0,0
154796300,2025,1,1,1,4,2.0,32.0,0,1,1,1,1,0,1
154820305,2025,0,0,0,5,2.0,28.0,0,1,1,0,1,0,0
154823347,2025,1,1,1,5,2.0,23.0,0,1,1,1,1,0,1
155014593,2025,1,1,1,4,2.0,25.0,1,0,1,1,0,0,0
155076550,2025,1,1,1,3,2.0,29.0,0,0,1,1,1,0,1
155179513,2025,1,1,1,2,2.0,47.0,1,0,0,0,1,1,0
155357943,2025,0,0,0,1,1.0,52.0,0,0,0,0,0,0,0
155400801,2025,1,1,1,5,2.0,34.0,0,0,1,1,1,0,0
155485826,2025,1,1,1,3,3.0,29.0,0,0,1,1,1,0,1
155493467,2025,0,0,0,4,1.0,19.0,1,1,1,0,1,0,0
155576135,2025,0,0,0,2,2.0,23.0,1,0,1,1,1,0,0
155759977,2025,1,1,1,2,1.0,51.0,1,0,1,0,1,0,0
155768483,2025,1,1,1,5,3.0,32.0,0,0,1,1,1,1,1
155846819,2025,1,1,1,1,1.0,53.0,1,1,1,0,1,0,0
156084498,2025,1,1,1,4,3.0,35.0,1,0,1,1,1,0,1
156272413,2025,1,1,1,4,2.0,20.0,0,1,1,1,1,0,0
156307859,2025,1,1,1,5,3.0,30.0,0,1,1,1,1,1,1
156426549,2025,1,1,1,5,2.0,25.0,0,0,1,1,1,0,1
156663338,2025,1,1,1,1,2.0,25.0,1,1,1,1,1,0,1
156677438,2025,1,1,1,4,2.0,32.0,1,0,1,0,1,0,0
156729304,2025,0,0,0,1,2.0,50.0,1,1,1,0,0,0,0
156789647,2025,1,1,1,1,2.0,18.0,1,1,1,1,1,0,1
156792378,2025,1,1,1,1,1.0,33.0,0,1,1,0,1,0,0
156948355,2025,0,0,0,3,1.0,40.0,1,1,1,0,0,0,0
156965233,2025,1,1,1,3,2.0,37.0,1,0,1,1,1,0,0
157061599,2025,1,1,1,1,2.0,30.0,0,1,1,0,1,0,0
157115140,2025,1,1,1,5,3.0,32.0,0,1,1,1,1,0,1
157151458,2025,1,1,1,2,2.0,39.0,1,1,0,0,1,0,0
157265630,2025,1,1,1,3,2.0,28.0,0,0,1,1,1,1,1
157290090,2025,1,1,1,4,3.0,36.0,0,0,1,1,1,0,1
157326343,2025,1,1,1,5,2.0,35.0,0,1,1,1,1,0,1
157385852,2025,0,0,0,4,2.0,33.0,1,1,1,1,1,0,0
157442482,2025,1,1,1,3,1.0,24.0,1,0,1,1,0,0,0
157466906,2025,0,0,0,2,1.0,50.0,1,1,1,0,0,0,0
157506649,2025,1,1,1,4,2.0,30.0,0,1,1,1,1,0,0
157615142,2025,1,1,1,5,2.0,27.0,0,1,1,0,1,0,0
157721830,2025,1,1,1,5,3.0,35.0,0,1,1,1,1,1,1
158055441,2025,1,1,1,1,2.0,27.0,1,0,1,0,1,0,0
158100656,2025,1,1,1,2,2.0,24.0,1,1,1,0,1,0,1
158118806,2025,0,0,0,2,2.0,45.0,0,0,1,1,1,0,0
158158530,2025,1,1,1,2,2.0,17.0,0,0,1,1,1,0,0
158162947,2025,1,1,1,4,2.0,30.0,1,1,1,1,1,0,0
158269401,2025,1,1,1,1,2.0,20.0,0,0,1,1,0,0,0
158274667,2025,1,1,1,2,2.0,30.0,0,0,1,0,1,0,0
158351403,2025,1,1,1,1,2.0,34.0,1,0,1,1,1,1,0
158362128,2025,0,0,0,1,2.0,18.0,0,1,1,0,1,0,0
158785944,2025,1,1,1,5,2.0,30.0,0,0,1,1,1,0,0
158841396,2025,1,1,1,5,2.0,19.0,0,1,1,1,1,0,0
158848963,2025,1,1,1,5,3.0,31.0,1,1,1,1,1,0,1
158923850,2025,1,1,1,4,2.0,18.0,1,0,1,0,0,0,0
158970581,2025,1,1,1,5,1.0,32.0,0,0,1,1,1,0,1
158993787,2025,1,1,1,2,2.0,33.0,1,0,1,1,0,0,0
159046986,2025,1,1,1,4,2.0,24.0,1,0,1,1,1,0,0
159057585,2025,1,1,1,4,2.0,26.0,0,1,1,0,1,0,0
159082523,2025,0,1,1,1,2.0,15.0,0,0,1,0,0,0,0
159134270,2025,0,0,0,5,2.0,26.0,1,1,0,0,0,0,0
159299656,2025,1,1,1,5,2.0,28.0,1,0,1,1,1,1,0
159402836,2025,1,1,1,5,2.0,22.0,0,1,1,1,0,0,0
159427165,2025,1,1,1,2,1.0,47.0,1,1,1,0,1,0,0
159579265,2025,1,1,1,5,2.0,30.0,0,0,1,1,1,0,0
159653700,2025,0,0,0,3,1.0,34.0,1,0,1,0,1,0,0
159737444,2025,1,1,1,5,3.0,28.0,1,0,1,1,1,0,1
159798202,2025,1,1,1,3,1.0,35.0,1,0,1,0,1,0,0
160257396,2025,1,1,1,5,2.0,24.0,1,0,1,1,1,0,1
160262123,2025,1,1,1,5,2.0,25.0,0,0,1,1,1,0,1
160306770,2025,1,1,1,4,2.0,39.0,1,1,1,0,1,0,0
160404871,2025,1,1,1,3,1.0,32.0,0,0,1,0,0,0,0
160662698,2025,1,1,1,4,2.0,22.0,0,0,1,1,1,0,0
160680624,2025,1,1,1,4,1.0,44.0,1,1,1,0,1,0,0
160771953,2025,0,0,0,5,1.0,29.0,0,1,1,0,0,0,0
160805660,2025,1,1,1,5,3.0,32.0,1,0,1,1,1,0,0
161028241,2025,1,1,1,5,2.0,33.0,0,0,1,1,1,1,1
161045012,2025,1,1,1,4,2.0,27.0,1,1,1,1,0,0,0
161073412,2025,1,1,1,2,2.0,17.0,0,1,1,1,0,0,0
161126118,2025,0,0,0,3,1.0,42.0,1,1,1,0,0,0,0
161176672,2025,1,1,1,3,2.0,28.0,0,1,1,0,1,0,0
161226176,2025,1,1,1,4,2.0,32.0,1,0,1,1,1,0,0
161236070,2025,1,1,1,4,2.0,17.0,0,0,1,1,0,0,0
161351827,2025,1,1,1,5,3.0,28.0,0,1,1,1,1,0,0
161515446,2025,1,1,1,5,2.0,35.0,1,1,1,1,1,0,1
161630179,2025,1,1,1,1,2.0,34.0,1,1,1,1,1,0,0
161784764,2025,1,1,1,5,3.0,30.0,0,0,1,1,1,0,1
161877150,2025,1,1,1,4,1.0,26.0,1,0,1,1,1,0,1
161917261,2025,1,1,1,3,2.0,36.0,0,1,1,0,1,0,0
161951631,2025,0,0,0,1,2.0,17.0,1,1,1,0,1,0,0
162351524,2025,1,1,1,3,1.0,30.0,1,1,1,0,0,0,0
162689735,2025,1,1,1,4,2.0,20.0,0,1,1,1,1,0,0
162793688,2025,1,1,1,3,2.0,62.0,0,0,1,1,1,1,1
162996253,2025,1,1,1,5,3.0,40.0,0,1,1,1,1,0,1
163013477,2025,0,0,0,5,2.0,65.0,1,0,1,0,1,1,1
163129087,2025,1,1,1,3,2.0,27.0,1,0,1,1,1,0,0
163135200,2025,1,1,1,2,1.0,62.0,1,0,1,0,1,0,0
163152463,2025,1,1,1,4,3.0,35.0,0,1,1,1,1,0,1
163171305,2025,1,1,1,3,1.0,20.0,1,1,1,1,0,0,0
163201321,2025,0,0,0,1,1.0,45.0,0,1,0,0,0,0,0
163417432,2025,1,1,1,5,2.0,26.0,0,1,1,1,1,0,1
163568662,2025,1,1,1,2,1.0,56.0,0,0,1,0,1,0,0
163584294,2025,1,1,1,5,1.0,27.0,0,0,1,0,1,0,0
163591551,2025,1,1,1,5,3.0,33.0,1,1,1,1,1,1,1
163680172,2025,0,0,0,4,2.0,45.0,0,1,0,0,0,0,0
163710280,2025,0,0,0,2,1.0,35.0,1,0,0,0,1,0,0
163941169,2025,1,1,1,5,2.0,35.0,0,0,1,1,1,0,1
163987709,2025,0,0,0,1,1.0,42.0,1,1,1,0,1,0,0
164034198,2025,1,1,1,1,2.0,23.0,1,1,1,1,1,0,0
164596485,2025,1,1,1,5,2.0,36.0,0,1,1,0,1,0,1
164613997,2025,1,1,1,5,2.0,35.0,1,1,1,1,1,0,0
164773277,2025,1,1,1,5,3.0,33.0,0,0,1,1,1,0,1
164892325,2025,1,1,1,1,2.0,20.0,0,1,1,1,0,0,0
164934054,2025,1,1,1,5,2.0,35.0,1,1,1,1,1,0,0
164937092,2025,0,0,0,3,2.0,16.0,0,1,1,0,0,0,0
164983487,2025,1,1,1,2,2.0,27.0,0,1,1,0,0,0,0
165095788,2025,1,1,1,5,2.0,31.0,0,0,1,0,1,0,1
165195520,2025,1,1,1,3,2.0,20.0,0,1,1,1,0,0,0
165293481,2025,1,1,1,2,1.0,48.0,1,0,1,0,1,0,0
165311764,2025,1,1,1,3,3.0,40.0,0,1,1,0,1,0,1
165353259,2025,0,0,0,2,1.0,25.0,0,1,1,0,1,0,0
165406499,2025,1,1,1,4,3.0,49.0,0,0,1,1,1,1,1
165500392,2025,0,1,0,5,2.0,38.0,1,1,0,0,1,0,0
165801398,2025,1,1,1,4,2.0,52.0,0,0,1,1,0,0,0
166011550,2025,1,1,1,5,2.0,27.0,0,1,1,1,1,0,0
166129458,2025,1,1,1,3,3.0,28.0,0,1,1,1,0,0,0
166150200,2025,1,1,1,3,2.0,19.0,1,1,1,1,1,0,0
166253324,2025,1,1,1,5,2.0,24.0,1,1,1,1,1,0,0
166537483,2025,1,1,1,1,2.0,20.0,0,1,1,1,1,0,1
166653998,2025,1,1,1,2,1.0,15.0,1,0,1,1,0,0,0
166760372,2025,1,1,1,5,2.0,35.0,0,1,1,1,1,0,1
166994286,2025,1,1,1,4,2.0,40.0,0,1,1,0,1,0,0
167207624,2025,1,1,1,1,2.0,18.0,1,0,1,1,0,0,0
167483547,2025,1,1,1,4,2.0,24.0,1,1,1,1,1,0,0
167502083,2025,1,1,1,5,2.0,20.0,1,1,1,1,0,0,0
167514515,2025,1,1,1,2,2.0,17.0,0,0,1,0,0,0,0
167702497,2025,0,0,0,1,1.0,47.0,0,1,0,0,0,0,0
167806151,2025,1,1,1,2,2.0,64.0,1,0,1,0,1,1,1
167925623,2025,0,0,0,1,1.0,57.0,0,1,0,0,1,0,0
167955698,2025,1,1,1,3,3.0,21.0,1,0,1,1,1,0,1
168123883,2025,0,0,0,3,2.0,32.0,1,1,1,1,0,0,0
168129727,2025,1,1,1,4,2.0,40.0,0,0,1,1,1,0,0
168394094,2025,1,1,1,4,2.0,27.0,1,0,1,1,1,0,0
168604139,2025,1,1,1,1,1.0,30.0,1,1,1,0,1,0,1
168609920,2025,1,1,1,5,3.0,56.0,0,0,1,1,1,0,1
168610994,2025,0,0,0,1,2.0,20.0,1,0,0,0,1,0,0
168649492,2025,1,1,1,4,2.0,18.0,1,0,1,1,1,0,0
168706743,2025,1,1,1,4,2.0,40.0,0,0,1,1,1,0,0
168729829,2025,1,1,1,2,2.0,30.0,1,1,0,0,1,0,0
168737841,2025,1,1,1,4,1.0,34.0,1,0,1,0,1,0,0
168922715,2025,1,1,1,5,1.0,70.0,0,1,1,1,1,0,0
169004481,2025,1,1,1,3,2.0,30.0,0,1,1,0,1,0,0
169326463,2025,1,1,1,4,2.0,35.0,1,1,1,0,1,0,1
169343463,2025,1,1,1,5,2.0,38.0,0,0,1,1,1,1,1
169429340,2025,1,1,1,3,1.0,34.0,0,0,1,1,1,0,1
169563273,2025,1,1,1,1,2.0,19.0,0,0,1,1,1,0,1
169575471,2025,1,1,1,4,2.0,32.0,0,0,1,1,1,0,0
169654384,2025,0,0,0,2,2.0,15.0,0,0,0,0,0,0,0
169655626,2025,1,1,1,4,1.0,22.0,0,1,1,0,1,0,0
169787975,2025,1,1,1,5,3.0,41.0,1,0,1,1,1,0,1
170040198,2025,0,0,0,4,1.0,37.0,1,1,0,0,1,0,0
170198040,2025,1,1,1,5,1.0,24.0,1,0,1,1,1,0,1
170331999,2025,1,1,1,5,3.0,39.0,0,0,1,1,1,1,1
170646161,2025,1,1,1,5,3.0,30.0,0,0,1,1,1,0,1
170664027,2025,0,0,0,2,2.0,25.0,0,1,1,0,1,0,0
170677445,2025,1,1,1,5,1.0,32.0,0,1,1,0,1,0,0
170810776,2025,1,1,1,1,2.0,26.0,0,0,1,1,1,0,0
170858936,2025,1,1,1,5,2.0,30.0,0,0,1,1,1,0,0
170947856,2025,1,1,1,4,1.0,20.0,1,1,1,0,1,0,0
170973524,2025,1,1,1,1,2.0,35.0,1,1,1,0,1,0,0
171138546,2025,1,1,1,4,2.0,65.0,0,0,1,1,0,0,0
171167446,2025,1,1,1,3,2.0,18.0,0,0,1,1,0,0,0
171284788,2025,1,1,1,5,3.0,29.0,0,0,1,1,1,0,0
171330359,2025,1,1,1,3,2.0,32.0,0,1,1,1,1,0,0
171332831,2025,1,1,1,1,1.0,27.0,0,0,1,0,1,0,0
171470197,2025,1,1,1,3,2.0,24.0,0,1,1,1,1,0,0
171491191,2025,1,1,1,5,2.0,28.0,1,0,1,1,1,0,0
171493288,2025,1,1,1,5,2.0,35.0,0,1,1,1,1,0,1
171530563,2025,1,1,1,2,2.0,45.0,0,0,1,0,1,1,1
171738919,2025,1,1,1,4,2.0,37.0,0,1,1,1,1,0,1
171759475,2025,1,1,1,2,1.0,38.0,1,0,1,0,1,0,0
171805272,2025,1,1,1,5,2.0,30.0,0,1,1,1,1,0,1
171893750,2025,1,1,1,5,3.0,29.0,1,0,1,1,1,0,0
171917058,2025,1,1,1,5,2.0,35.0,0,0,1,1,1,0,1
171936010,2025,0,0,0,1,2.0,25.0,0,1,1,0,0,0,0
172015085,2025,1,1,1,2,2.0,16.0,1,0,1,1,0,0,0
172136930,2025,1,1,1,4,2.0,40.0,0,0,1,1,1,1,1
172166838,2025,1,1,1,5,2.0,30.0,1,1,1,1,1,0,1
172293907,2025,1,1,1,3,2.0,16.0,1,1,1,1,1,0,1
172432834,2025,1,1,1,2,2.0,27.0,0,1,1,1,1,0,0
172451164,2025,1,1,1,4,3.0,34.0,0,1,1,1,1,1,0
172562489,2025,1,1,1,3,2.0,31.0,1,1,1,1,0,0,0
172562899,2025,1,1,1,5,1.0,35.0,1,1,1,1,1,1,1
172577960,2025,1,1,1,3,2.0,23.0,1,1,1,0,0,0,0
172709259,2025,1,1,1,3,1.0,28.0,0,1,1,0,1,0,0
172801656,2025,1,1,1,3,1.0,25.0,1,0,1,0,0,0,0
172882660,2025,1,1,1,5,3.0,28.0,1,0,0,1,1,0,1
172928731,2025,0,1,0,2,2.0,47.0,0,1,1,0,1,0,0
172935292,2025,1,1,1,1,3.0,32.0,0,0,1,1,1,0,1
172968180,2025,1,1,1,4,2.0,24.0,0,0,1,1,1,0,0
172981891,2025,1,1,1,2,2.0,40.0,1,0,1,0,1,0,0
173062675,2025,0,0,0,1,1.0,17.0,1,1,1,1,0,0,0
173192204,2025,0,0,0,3,1.0,25.0,0,1,1,0,1,0,0
173495976,2025,1,1,1,3,2.0,21.0,1,1,1,1,1,0,0
173586862,2025,1,1,1,2,1.0,40.0,1,1,1,0,0,0,0
173643103,2025,0,0,0,1,1.0,45.0,1,1,1,0,1,0,0
173750893,2025,0,0,0,1,1.0,25.0,1,0,1,0,0,0,0
174022231,2025,0,0,0,1,1.0,34.0,1,1,0,0,1,0,0
174277870,2025,1,1,1,3,2.0,20.0,0,0,1,1,1,0,0
174702411,2025,1,1,1,1,2.0,24.0,0,0,1,1,1,0,1
174766957,2025,0,0,0,4,2.0,16.0,0,0,0,1,0,0,0
175044180,2025,1,1,1,3,2.0,44.0,1,0,1,1,1,1,0
175063718,2025,1,1,1,2,2.0,19.0,0,1,1,1,1,0,0
175118584,2025,1,1,1,3,2.0,20.0,1,1,1,1,0,0,0
175258324,2025,0,1,1,3,2.0,69.0,0,0,1,0,1,1,0
175283609,2025,1,1,1,5,2.0,36.0,0,0,1,0,1,0,1
175348715,2025,1,1,1,5,2.0,18.0,1,1,1,1,0,0,0
175408419,2025,1,1,1,1,1.0,65.0,1,1,1,0,0,1,1
175598091,2025,1,1,1,2,2.0,26.0,0,1,1,1,0,0,0
175752795,2025,1,1,1,5,2.0,18.0,1,1,1,1,0,0,0
175795126,2025,1,1,1,4,3.0,26.0,1,1,1,1,0,0,0
176013019,2025,1,1,1,3,2.0,28.0,1,0,1,1,1,0,1
176227096,2025,1,1,1,4,2.0,21.0,0,0,1,1,1,0,0
176292694,2025,1,1,1,1,1.0,21.0,0,1,1,0,0,0,0
176310377,2025,0,0,0,3,2.0,15.0,1,0,0,1,0,0,0
176830486,2025,1,1,1,4,2.0,43.0,0,0,1,1,1,0,1
176835574,2025,0,1,0,4,1.0,33.0,1,1,0,0,1,0,0
176844498,2025,1,1,1,2,2.0,25.0,1,1,1,1,1,1,1
176923023,2025,1,1,1,5,2.0,19.0,1,1,1,1,0,0,1
176972406,2025,1,1,1,3,1.0,40.0,1,1,1,1,1,0,0
177164436,2025,1,1,1,3,3.0,31.0,1,1,1,1,1,0,1
177188539,2025,0,0,0,4,2.0,40.0,0,1,1,0,0,0,0
177374944,2025,1,1,1,2,2.0,42.0,0,1,1,1,1,0,1
177457119,2025,1,1,1,2,2.0,20.0,0,1,1,1,1,0,0
177638832,2025,0,0,0,4,2.0,18.0,0,1,1,0,1,0,0
177653918,2025,1,1,1,4,2.0,40.0,0,0,1,1,1,1,1
177724178,2025,1,1,1,5,2.0,40.0,0,1,1,1,1,0,0
177724644,2025,1,1,1,2,1.0,40.0,1,0,1,0,0,0,0
177856151,2025,0,0,0,3,2.0,16.0,1,0,1,0,0,0,0
177895227,2025,1,1,1,3,3.0,33.0,0,1,1,1,1,0,1
177940943,2025,1,1,1,5,2.0,40.0,0,0,1,1,1,0,1
177997789,2025,1,1,1,4,2.0,33.0,1,0,1,1,1,0,1
178043287,2025,1,1,1,1,2.0,67.0,0,0,1,0,0,0,0
178256485,2025,0,0,0,4,2.0,17.0,0,0,1,1,0,0,0
178327805,2025,1,1,1,4,2.0,25.0,0,1,1,1,1,0,0
178600507,2025,1,1,1,1,1.0,22.0,1,1,1,1,0,0,0
178624106,2025,1,1,1,4,1.0,24.0,1,1,1,0,1,0,0
178624152,2025,1,1,1,5,3.0,38.0,0,1,1,1,1,0,0
178709487,2025,1,1,1,1,2.0,27.0,0,1,1,1,0,0,0
178719163,2025,0,0,0,2,1.0,40.0,0,1,0,0,1,0,0
179008937,2025,1,1,1,4,2.0,35.0,0,1,1,1,1,0,1
179061683,2025,1,1,1,5,1.0,30.0,1,0,1,1,1,0,0
179146502,2025,0,1,1,1,1.0,23.0,1,1,1,0,1,0,0
179191252,2025,0,0,0,1,2.0,39.0,0,1,0,0,1,0,0
179231667,2025,1,1,1,3,2.0,58.0,0,0,1,1,1,1,1
179241784,2025,1,1,1,1,2.0,43.0,1,1,1,0,1,0,0
179291745,2025,1,1,1,2,3.0,29.0,1,0,1,1,1,0,0
179329153,2025,1,1,1,5,2.0,30.0,1,1,1,1,1,0,0
179412800,2025,1,1,1,3,2.0,19.0,0,1,1,0,0,0,0
179482096,2025,1,1,1,4,2.0,22.0,1,1,1,1,1,0,0
179493820,2025,1,1,1,1,1.0,38.0,1,0,1,1,0,0,1
179520518,2025,1,1,1,5,1.0,27.0,0,0,1,1,1,0,1
179551033,2025,1,1,1,5,2.0,37.0,1,0,1,1,1,1,0
179978620,2025,1,1,1,2,1.0,29.0,0,1,1,0,1,0,0
180080021,2025,0,0,0,1,2.0,53.0,0,1,0,0,1,0,0
180117839,2025,1,1,1,2,1.0,58.0,0,1,1,0,0,0,0
180164406,2025,1,1,1,4,2.0,28.0,1,0,0,1,1,0,1
180276626,2025,0,0,0,5,2.0,40.0,1,1,1,0,0,0,0
180435692,2025,1,1,1,5,2.0,28.0,1,0,1,1,1,0,0
180698417,2025,1,1,1,3,2.0,23.0,1,1,1,1,1,0,0
180959766,2025,1,1,1,1,2.0,32.0,1,1,1,1,1,0,0
181105342,2025,1,1,1,1,2.0,18.0,0,0,1,1,0,0,1
181272889,2025,1,1,1,5,2.0,50.0,1,1,1,1,1,1,1
181449484,2025,1,1,1,3,2.0,21.0,1,1,1,1,1,0,0
181478827,2025,1,1,1,5,2.0,25.0,0,1,1,1,0,1,1
181517245,2025,0,0,0,4,2.0,18.0,0,0,1,1,0,0,0
181546187,2025,0,0,0,2,1.0,62.0,1,1,0,0,0,0,0
181785290,2025,1,1,1,3,2.0,47.0,0,0,1,1,1,0,0
181852543,2025,1,1,1,5,2.0,49.0,1,1,1,0,1,0,1
181962510,2025,1,1,1,5,2.0,30.0,0,1,1,1,1,0,1
181963752,2025,1,1,1,5,2.0,26.0,1,0,1,1,1,0,0
182083637,2025,0,0,0,2,2.0,27.0,0,1,0,0,1,0,0
182159950,2025,0,0,0,1,2.0,19.0,0,1,0,0,1,0,0
182264976,2025,0,0,0,3,1.0,35.0,1,1,1,0,1,0,0
182467290,2025,1,1,1,4,2.0,32.0,0,0,1,1,0,0,0
182744633,2025,0,0,0,1,1.0,80.0,1,1,0,0,1,0,0
182874237,2025,1,1,1,1,2.0,30.0,0,1,1,1,1,1,1
182932711,2025,0,0,0,1,1.0,22.0,1,0,0,0,0,0,0
183126575,2025,1,1,1,5,2.0,35.0,0,0,1,1,1,0,1
183171494,2025,1,1,1,4,2.0,34.0,0,1,1,1,1,0,0
183236186,2025,1,1,1,2,1.0,45.0,1,0,1,0,1,1,0
183242617,2025,1,1,1,1,2.0,24.0,1,1,1,0,1,0,0
183295275,2025,0,0,0,1,1.0,55.0,1,0,0,1,1,1,0
183341687,2025,1,1,1,3,2.0,50.0,1,0,1,1,1,0,1
183419955,2025,1,1,1,5,3.0,40.0,0,1,1,1,1,0,1
183553749,2025,1,1,1,5,2.0,65.0,0,1,1,0,1,0,1
183600945,2025,1,1,1,1,2.0,27.0,1,0,1,1,0,0,0
183613201,2025,1,1,1,4,3.0,32.0,0,1,1,1,1,0,0
183661577,2025,1,1,1,4,3.0,29.0,1,0,1,0,1,0,1
183801546,2025,1,1,1,2,2.0,21.0,0,0,1,1,0,0,0
183809910,2025,1,1,1,3,1.0,40.0,0,1,1,1,0,0,0
184159490,2025,1,1,1,5,2.0,35.0,0,1,1,1,1,0,1
184179248,2025,1,1,1,3,3.0,25.0,1,0,1,1,1,0,1
184232577,2025,1,1,1,5,2.0,32.0,0,1,1,1,1,0,0
184253372,2025,0,0,0,1,1.0,66.0,0,1,0,0,0,0,0
184414674,2025,1,1,1,4,2.0,22.0,1,1,1,1,0,0,0
184580104,2025,0,0,0,2,2.0,24.0,0,1,0,0,1,0,0
184916018,2025,0,0,0,1,2.0,18.0,1,1,0,0,0,0,0
185192143,2025,1,1,1,4,2.0,19.0,0,0,1,0,0,0,0
185199184,2025,0,0,0,2,1.0,50.0,1,1,0,0,0,0,0
185206815,2025,1,1,1,1,3.0,28.0,0,1,1,1,1,0,0
185710054,2025,1,1,1,5,1.0,49.0,0,0,1,0,1,0,0
185846672,2025,1,1,1,1,2.0,38.0,0,0,1,1,1,0,1
185860818,2025,1,1,1,5,3.0,40.0,1,1,1,1,1,1,1
185882195,2025,0,0,0,3,1.0,37.0,1,1,1,0,1,0,0
185883271,2025,0,0,0,2,1.0,60.0,0,1,0,0,1,0,0
186135426,2025,1,1,1,4,1.0,71.0,1,0,1,0,1,0,1
186384901,2025,1,1,1,5,1.0,45.0,0,1,1,0,0,0,0
186503667,2025,0,0,0,1,1.0,28.0,1,1,0,0,1,0,0
186686636,2025,1,1,1,5,2.0,33.0,1,0,1,1,1,0,0
187003360,2025,1,1,1,2,1.0,40.0,1,1,1,1,0,0,1
187400059,2025,1,1,1,5,2.0,55.0,0,0,1,1,1,0,1
187451677,2025,1,1,1,3,2.0,22.0,1,0,1,1,0,0,0
187473488,2025,1,1,1,2,2.0,25.0,0,1,1,1,1,0,0
187483087,2025,0,0,0,3,2.0,16.0,1,0,0,0,1,0,0
187555879,2025,1,1,1,2,1.0,71.0,0,1,1,0,1,0,0
187631531,2025,1,1,1,5,2.0,42.0,0,0,1,1,1,0,1
187651420,2025,0,0,0,2,2.0,18.0,1,0,1,0,0,0,0
187759504,2025,1,1,1,4,2.0,19.0,0,0,1,1,0,0,0
187857827,2025,1,1,1,4,2.0,27.0,1,0,1,0,1,0,0
188065612,2025,0,0,0,4,2.0,17.0,1,0,0,0,0,0,0
188090096,2025,1,1,1,5,3.0,30.0,0,1,1,1,1,1,1
188406153,2025,0,0,0,2,1.0,27.0,0,1,0,0,1,0,0
188547829,2025,0,0,0,2,2.0,18.0,1,0,0,0,0,0,0
188633789,2025,1,1,1,2,2.0,39.0,1,0,1,1,1,0,0
188793956,2025,1,1,1,5,3.0,30.0,0,1,1,1,1,0,1
188981356,2025,1,1,1,3,2.0,23.0,0,1,1,1,1,0,0
188982902,2025,1,1,1,1,1.0,40.0,0,1,1,0,1,0,0
189087371,2025,0,0,0,1,1.0,46.0,1,1,1,0,1,0,0
189224154,2025,1,1,1,4,2.0,24.0,0,1,1,1,1,0,1
189247816,2025,0,0,0,5,1.0,55.0,0,1,1,0,1,0,0
189284158,2025,1,1,1,5,1.0,45.0,0,1,1,0,1,0,1
189337829,2025,1,1,1,5,2.0,31.0,0,1,1,1,1,0,1
189729649,2025,1,1,1,4,3.0,29.0,0,0,1,1,1,1,1
189760638,2025,1,1,1,1,2.0,22.0,0,0,1,1,0,0,0
189804743,2025,1,1,1,4,2.0,28.0,0,1,1,0,1,0,1
189958413,2025,1,1,1,4,2.0,33.0,1,0,1,1,1,0,0
190042152,2025,1,1,1,4,2.0,50.0,0,0,1,1,1,0,0
190147664,2025,1,1,1,2,1.0,30.0,1,0,1,0,1,0,0
190161877,2025,1,1,1,4,2.0,23.0,0,0,1,1,0,0,0
190603261,2025,1,1,1,4,2.0,26.0,0,1,1,1,1,0,0
190681206,2025,1,1,1,5,2.0,40.0,0,1,1,1,1,0,1
190745291,2025,1,1,1,5,3.0,28.0,0,0,1,1,1,0,0
190908592,2025,1,1,1,4,2.0,20.0,1,1,1,1,1,0,0
191106959,2025,1,1,1,5,3.0,30.0,1,1,1,1,1,0,1
191215225,2025,1,1,1,5,3.0,27.0,1,1,1,1,1,0,1
191229353,2025,1,1,1,4,3.0,34.0,0,0,1,1,1,1,1
191245839,2025,0,0,0,3,1.0,30.0,0,1,1,1,1,0,0
191300666,2025,1,1,1,3,2.0,29.0,0,0,1,1,1,0,0
191323192,2025,1,1,1,3,2.0,17.0,0,1,1,1,0,0,0
191749227,2025,1,1,1,4,1.0,26.0,1,1,1,1,0,0,1
191754628,2025,0,0,0,2,2.0,17.0,1,1,1,1,0,0,0
191758639,2025,1,1,1,2,1.0,41.0,1,1,1,0,1,0,0
191975733,2025,1,1,1,4,1.0,28.0,0,1,1,1,1,0,0
192082940,2025,0,0,0,2,1.0,15.0,0,0,0,0,0,0,0
192228529,2025,0,0,0,2,1.0,35.0,1,1,0,0,0,0,0
192266783,2025,1,1,1,2,2.0,28.0,1,1,1,1,1,0,0
192302401,2025,1,1,1,5,3.0,45.0,0,0,1,1,1,0,1
192400972,2025,1,1,1,3,2.0,22.0,0,1,1,1,1,0,0
192421976,2025,1,1,1,1,1.0,63.0,0,1,1,0,0,0,0
192440084,2025,1,1,1,4,2.0,30.0,0,1,1,1,1,0,0
192628379,2025,1,1,1,3,2.0,24.0,0,0,1,1,1,0,0
192699671,2025,1,1,1,2,2.0,24.0,1,1,1,1,1,0,0
192728022,2025,1,1,1,1,2.0,25.0,1,1,1,1,1,0,0
192894399,2025,1,1,1,1,3.0,20.0,0,0,1,1,0,0,0
193012274,2025,1,1,1,2,1.0,17.0,1,0,1,0,1,0,0
193131751,2025,1,1,1,2,1.0,24.0,0,1,1,1,0,0,0
193319626,2025,1,1,1,1,2.0,36.0,1,1,1,0,1,0,0
193514338,2025,1,1,1,3,2.0,36.0,0,0,1,1,1,0,1
193537475,2025,1,1,1,5,2.0,33.0,0,1,1,1,1,1,1
193681139,2025,0,0,0,2,1.0,37.0,1,1,1,0,1,0,0
193752230,2025,1,1,1,5,1.0,52.0,0,0,1,1,1,0,0
193761789,2025,1,1,1,3,2.0,56.0,1,1,1,1,1,0,1
193781322,2025,1,1,1,5,1.0,29.0,0,1,1,1,1,0,0
193880826,2025,1,1,1,3,1.0,40.0,1,1,1,0,0,0,1
193907093,2025,1,1,1,5,2.0,29.0,0,1,1,1,1,0,0
193962732,2025,1,1,1,4,1.0,33.0,1,1,1,1,1,0,0
194084984,2025,1,1,1,3,2.0,26.0,1,0,1,0,0,0,0
194134814,2025,0,1,0,3,1.0,60.0,1,1,1,0,1,1,0
194140385,2025,1,1,1,5,3.0,40.0,0,0,1,1,1,0,1
194257772,2025,1,1,1,5,2.0,22.0,0,0,1,1,1,0,0
194294710,2025,1,1,1,4,3.0,41.0,0,0,1,1,1,0,1
194353945,2025,1,1,1,3,2.0,22.0,1,0,1,1,1,0,0
194464032,2025,1,1,1,3,2.0,20.0,1,1,1,0,0,0,0
194515528,2025,1,1,1,5,2.0,23.0,1,1,1,1,1,0,0
194593437,2025,1,1,1,3,2.0,20.0,0,1,1,1,0,0,0
194881541,2025,1,1,1,3,2.0,20.0,0,1,1,1,1,0,0
195001443,2025,1,1,1,4,1.0,49.0,0,1,1,1,1,0,0
195063362,2025,0,0,0,1,1.0,42.0,1,1,0,0,1,0,0
195152222,2025,1,1,1,2,2.0,52.0,0,1,1,1,1,0,0
195348123,2025,1,1,1,2,2.0,29.0,1,0,1,1,1,0,0
195442137,2025,1,1,1,5,1.0,38.0,0,1,1,1,1,1,1
195588877,2025,1,1,1,5,3.0,28.0,0,1,1,1,1,0,0
195647633,2025,0,1,0,3,1.0,37.0,1,1,1,0,1,0,0
195737114,2025,1,1,1,3,2.0,35.0,1,0,1,1,1,0,0
196156004,2025,1,1,1,3,2.0,22.0,1,0,1,1,1,0,0
196174745,2025,0,1,0,2,2.0,38.0,1,1,1,0,1,0,1
196193426,2025,1,1,1,3,2.0,21.0,1,1,1,1,1,0,0
196468439,2025,1,1,1,2,2.0,22.0,1,1,0,0,1,0,0
196551605,2025,1,1,1,1,2.0,31.0,1,1,1,1,1,0,0
196627200,2025,1,1,1,1,2.0,19.0,0,0,1,1,0,0,0
196672462,2025,1,1,1,2,3.0,61.0,1,0,1,1,0,1,1
196779272,2025,1,1,1,5,2.0,58.0,1,1,1,0,0,0,0
196857989,2025,0,0,0,1,1.0,15.0,0,1,1,1,0,0,0
196917598,2025,1,1,1,1,2.0,15.0,1,1,1,1,1,0,1
196934777,2025,1,1,1,3,1.0,70.0,1,0,1,0,1,0,0
196982664,2025,1,1,1,2,1.0,18.0,1,1,1,1,0,0,0
197060895,2025,1,1,1,5,2.0,17.0,1,1,1,1,0,0,0
197087173,2025,1,1,1,1,2.0,50.0,0,0,1,0,1,0,0
197118359,2025,0,0,0,3,1.0,70.0,0,1,0,0,1,0,0
197132800,2025,1,1,1,2,2.0,28.0,1,1,1,1,1,0,0
197618491,2025,1,1,1,2,2.0,25.0,0,1,1,1,1,0,0
197696816,2025,1,1,1,3,1.0,52.0,1,0,1,1,1,0,0
198025505,2025,1,1,1,4,3.0,25.0,1,0,1,1,1,1,1
198454967,2025,1,1,1,2,1.0,42.0,1,0,1,1,1,0,0
198543305,2025,1,1,1,5,2.0,36.0,0,1,1,1,1,0,1
198599651,2025,1,1,1,4,3.0,28.0,0,1,1,1,1,0,1
198711473,2025,1,1,1,5,2.0,18.0,0,1,1,0,0,0,0
198727315,2025,0,0,0,4,2.0,60.0,1,0,1,0,0,0,0
198749550,2025,1,1,1,4,2.0,20.0,0,1,1,1,1,1,1
198786347,2025,1,1,1,2,2.0,18.0,0,1,1,1,0,0,0
198859550,2025,1,1,1,1,1.0,31.0,1,1,1,0,0,0,0
198957222,2025,0,0,0,2,1.0,72.0,0,1,0,0,0,0,0
199018263,2025,1,1,1,2,2.0,20.0,0,0,1,0,1,0,0
199027174,2025,1,1,1,4,3.0,40.0,1,1,1,1,1,0,1
199100793,2025,1,1,1,5,2.0,45.0,1,0,1,1,1,0,0
199304557,2025,1,1,1,2,2.0,17.0,1,1,1,0,1,0,0
199348081,2025,1,1,1,5,2.0,35.0,0,1,1,1,1,0,1
199355573,2025,1,1,1,5,3.0,48.0,0,0,1,1,1,0,1
199380234,2025,0,0,0,3,2.0,16.0,1,1,0,0,0,0,0
199388423,2025,1,1,1,1,1.0,32.0,1,1,0,0,1,0,1
199464408,2025,1,1,1,3,2.0,19.0,1,0,1,1,0,0,0
199503774,2025,1,1,1,5,3.0,38.0,0,1,1,1,1,0,1
199601104,2025,1,1,1,3,1.0,40.0,1,1,1,1,1,0,0
199867056,2025,1,1,1,3,1.0,24.0,1,1,0,1,1,0,0
199879344,2025,1,1,1,3,2.0,20.0,1,1,1,1,0,0,0
200043119,2025,1,1,1,5,2.0,34.0,1,0,1,1,1,0,1
200078779,2025,1,1,1,3,1.0,40.0,0,1,1,0,1,0,1
200126278,2025,1,1,1,1,2.0,25.0,1,0,1,0,1,0,0
200187338,2025,1,1,1,3,2.0,43.0,0,0,1,1,1,0,1
200262585,2025,1,1,1,2,2.0,18.0,1,0,1,0,1,0,0
200367269,2025,1,1,1,2,2.0,27.0,1,1,1,1,0,0,0
200482117,2025,0,0,0,1,1.0,29.0,1,0,1,1,0,0,0
200488455,2025,0,0,0,4,1.0,32.0,0,0,1,0,1,0,0
200570854,2025,1,1,1,2,2.0,41.0,1,0,1,0,1,0,0
200668340,2025,0,0,0,2,2.0,22.0,0,1,1,0,1,0,0
200700926,2025,1,1,1,5,3.0,32.0,0,1,1,1,1,0,1
200866354,2025,1,1,1,3,2.0,23.0,0,0,1,1,0,0,0
201079018,2025,1,1,1,1,2.0,20.0,1,1,1,1,1,0,0
201131971,2025,0,0,0,2,1.0,36.0,1,1,1,0,1,0,0
201147348,2025,1,1,1,5,2.0,25.0,0,1,1,0,1,0,0
201428470,2025,0,0,0,4,2.0,20.0,1,0,1,1,1,0,0
201531792,2025,1,1,1,1,2.0,21.0,1,1,1,1,1,0,0
201693852,2025,1,1,1,1,1.0,25.0,1,1,1,1,1,0,0
201918206,2025,1,1,1,4,3.0,100.0,0,1,1,1,1,1,1
201936516,2025,1,1,1,5,2.0,58.0,1,0,1,0,1,1,1
202080161,2025,1,1,1,5,2.0,24.0,0,0,1,1,1,0,0
202207662,2025,1,1,1,5,2.0,25.0,0,1,1,1,1,0,1
202212263,2025,1,1,1,5,2.0,37.0,1,1,1,1,1,0,1
202263737,2025,0,0,0,2,2.0,19.0,0,0,1,1,1,0,1
202293354,2025,1,1,1,5,3.0,45.0,1,0,1,1,1,1,1
202300169,2025,1,1,1,4,2.0,31.0,0,0,1,1,1,1,1
202332168,2025,1,1,1,1,2.0,67.0,1,0,1,0,0,0,0
202372112,2025,1,1,1,4,2.0,30.0,0,1,1,1,1,0,1
202378614,2025,1,1,1,5,2.0,30.0,1,0,1,1,1,0,1
202477984,2025,1,1,1,2,1.0,40.0,1,1,1,0,1,0,0
202571934,2025,1,1,1,3,2.0,29.0,1,1,1,0,1,0,0
202632652,2025,1,1,1,4,1.0,19.0,0,0,1,0,0,0,0
202636586,2025,1,1,1,1,2.0,20.0,1,1,1,0,1,0,0
203103532,2025,0,0,0,3,1.0,69.0,0,0,1,0,1,0,0
203192419,2025,1,1,1,5,2.0,42.0,1,1,1,1,1,0,1
203275648,2025,1,1,1,3,1.0,58.0,1,0,1,0,1,0,1
203367431,2025,1,1,1,3,2.0,40.0,0,1,1,1,1,0,0
203376019,2025,1,1,1,4,2.0,26.0,1,0,1,1,0,0,0
203426444,2025,1,1,1,3,2.0,34.0,1,1,1,1,1,1,1
203477769,2025,1,1,1,5,3.0,30.0,0,1,1,1,1,0,1
203979784,2025,1,1,1,3,2.0,24.0,1,0,1,1,0,0,0
204001302,2025,1,1,1,5,3.0,52.0,1,0,1,1,1,0,1
204138619,2025,0,0,0,2,1.0,28.0,0,0,0,0,0,0,0
204214426,2025,1,1,1,5,2.0,31.0,0,0,1,1,1,0,0
204347322,2025,1,1,1,4,2.0,26.0,0,1,1,1,1,0,0
204422794,2025,1,1,1,4,2.0,23.0,0,1,1,1,1,0,0
204583168,2025,0,1,1,5,2.0,60.0,0,0,1,0,0,0,1
204615193,2025,1,1,1,5,1.0,27.0,1,0,1,1,1,0,0
204619180,2025,0,1,1,4,2.0,42.0,1,0,1,1,1,1,0
204960897,2025,1,1,1,1,2.0,24.0,1,1,1,1,0,0,0
205071253,2025,0,0,0,1,2.0,46.0,1,1,1,0,1,0,0
205419711,2025,1,1,1,1,2.0,39.0,0,0,1,0,1,0,0
205502502,2025,1,1,1,1,2.0,27.0,0,0,1,1,1,0,1
205512418,2025,1,1,1,5,2.0,30.0,0,1,1,1,1,1,0
205525762,2025,1,1,1,4,2.0,27.0,1,0,1,0,0,0,0
205583586,2025,0,1,0,1,2.0,40.0,0,0,1,0,0,0,1
205663074,2025,1,1,1,1,2.0,55.0,0,1,1,0,1,0,0
205676774,2025,1,1,1,5,3.0,31.0,0,0,1,1,1,0,1
205706928,2025,0,0,0,1,2.0,28.0,1,1,0,0,1,0,0
205952371,2025,1,1,1,3,1.0,50.0,1,1,1,0,1,0,1
206182002,2025,1,1,1,1,1.0,68.0,1,1,0,0,1,0,0
206458150,2025,1,1,1,5,2.0,28.0,1,0,1,1,1,0,0
206685006,2025,1,1,1,5,2.0,33.0,0,0,1,1,1,0,1
206878664,2025,0,0,0,1,1.0,55.0,1,1,1,0,0,0,0
206927870,2025,1,1,1,5,1.0,45.0,0,0,1,1,1,0,0
207174353,2025,1,1,1,2,2.0,32.0,1,1,1,0,1,0,0
207339688,2025,1,1,1,4,2.0,32.0,1,1,1,1,1,1,0
207522430,2025,1,1,1,2,1.0,50.0,0,1,1,0,0,0,0
207558857,2025,1,1,1,3,2.0,21.0,0,1,1,1,1,0,0
207731917,2025,1,1,1,5,2.0,26.0,0,1,1,1,1,0,1
207734703,2025,1,1,1,2,1.0,72.0,1,1,1,0,1,0,0
207827029,2025,0,0,0,4,1.0,15.0,0,0,1,0,0,0,0
207882084,2025,0,0,0,1,2.0,17.0,1,0,0,0,1,0,0
207895912,2025,1,1,1,4,2.0,22.0,1,0,1,1,0,0,0
208142557,2025,1,1,1,5,2.0,100.0,0,1,1,1,1,0,1
208309821,2025,1,1,1,5,3.0,29.0,0,0,1,1,1,1,1
208334844,2025,1,1,1,4,2.0,28.0,1,1,1,1,1,0,1
208486138,2025,1,1,1,5,3.0,40.0,0,1,1,1,1,0,1
208503765,2025,1,1,1,5,2.0,18.0,0,1,1,1,0,0,0
208579912,2025,1,1,1,2,2.0,38.0,1,1,1,1,1,0,1
208636550,2025,1,1,1,2,2.0,30.0,1,1,1,0,1,0,0
208789025,2025,1,1,1,5,3.0,35.0,0,1,1,1,1,0,1
208860403,2025,1,1,1,3,3.0,26.0,0,0,1,1,1,1,1
208872874,2025,1,1,1,4,1.0,24.0,0,0,1,1,1,0,0
208986421,2025,0,0,0,4,1.0,27.0,0,1,1,0,0,0,0
208992835,2025,1,1,1,5,2.0,34.0,0,1,1,1,1,0,1
208997447,2025,1,1,1,4,2.0,25.0,0,1,1,1,0,0,0
209077935,2025,1,1,1,4,2.0,20.0,1,0,1,1,0,0,0
209253027,2025,1,1,1,5,2.0,18.0,1,1,1,0,0,0,0
209308462,2025,1,1,1,4,2.0,29.0,0,0,1,1,1,0,1
209370210,2025,1,1,1,5,2.0,28.0,0,1,1,1,1,0,1
209417877,2025,1,1,1,4,1.0,50.0,1,0,1,1,1,0,0
209627340,2025,1,1,1,2,2.0,24.0,0,1,1,1,1,0,1
209629737,2025,1,1,1,1,2.0,20.0,1,1,1,1,1,0,0
209690606,2025,1,1,1,3,2.0,30.0,0,1,1,1,1,0,0
209759387,2025,1,1,1,2,2.0,25.0,1,1,1,1,1,0,1
209832474,2025,1,1,1,5,2.0,25.0,1,0,1,1,1,0,0
209839945,2025,0,0,0,1,1.0,62.0,0,1,0,0,1,0,0
210140074,2025,1,1,1,5,2.0,27.0,0,0,1,1,1,0,1
210156487,2025,1,1,1,4,1.0,60.0,1,0,1,0,1,0,0
210181642,2025,1,1,1,5,2.0,23.0,0,1,1,1,1,0,0
210187198,2025,1,1,1,4,2.0,18.0,1,0,1,1,1,0,0
210271582,2025,1,1,1,1,2.0,39.0,0,0,1,0,1,0,0
210307049,2025,1,1,1,4,2.0,39.0,1,0,1,1,1,0,0
210676044,2025,1,1,1,2,1.0,29.0,1,1,1,1,1,0,1
210746036,2025,1,1,1,2,2.0,19.0,1,1,1,1,1,0,1
210842448,2025,1,1,1,1,1.0,50.0,0,1,0,0,1,0,0
210973749,2025,1,1,1,2,2.0,30.0,0,1,1,1,0,0,0
211052510,2025,1,1,1,3,1.0,26.0,1,1,1,0,1,0,0
