date,mm_value,mm_volume,mm_active_accts,mm_registered_accts,mm_agents_active,agent_density,mobile_pen,internet_pen,account_ownership,inflation,policy_rate,exch_rate,gdp_proxy,elevy,mm_value_lag1_to_lag12,mm_value_roll3_roll6,mm_value_yoy,mm_active_accts_lag1_to_lag12,month,t_index,mm_value_lag1,mm_active_accts_lag1,mm_value_lag2,mm_active_accts_lag2,mm_value_lag3,mm_active_accts_lag3,mm_value_lag4,mm_active_accts_lag4,mm_value_lag5,mm_active_accts_lag5,mm_value_lag6,mm_active_accts_lag6,mm_value_lag7,mm_active_accts_lag7,mm_value_lag8,mm_active_accts_lag8,mm_value_lag9,mm_active_accts_lag9,mm_value_lag10,mm_active_accts_lag10,mm_value_lag11,mm_active_accts_lag11,mm_value_lag12,mm_active_accts_lag12,mm_value_roll3,mm_value_roll6
2019-01-01,22018.26517,142535312.0,13200069,32956150,189007,1037.1064779783608,139.74,91.08,61.667947183806554,5.73,16.0,4.9506,627.14,0,,,,,1,1,,,,,,,,,,,,,,,,,,,,,,,,,,
2019-02-01,20918.5758,137921555.3,12946960,33423328,182642,1000.0927801089912,139.34,89.0,61.891012837212706,5.93,16.0,5.1752,601.91,0,,,,,2,2,22018.26517,13200069.0,,,,,,,,,,,,,,,,,,,,,,,,
2019-03-01,23419.56841,156266620.0,12725649,29578169,182344,996.5855269629732,140.3,90.37,62.09249149190214,6.36,16.0,5.0834,617.5,0,,,,,3,3,20918.5758,12946960.0,22018.26517,13200069.0,,,,,,,,,,,,,,,,,,,,,22118.803126666666,
2019-04-01,23648.73362,158466250.0,12720195,30060385,240752,1313.078720120398,139.21,88.97,62.3155571453083,6.32,16.0,5.0881,610.55,0,,,,,4,4,23419.56841,12725649.0,20918.5758,12946960.0,22018.26517,13200069.0,,,,,,,,,,,,,,,,,,,22662.29261,
2019-05-01,25596.59411,163181432.0,12824090,30620668,200280,1090.152083235025,138.37,88.85,62.53142713247554,6.91,16.0,5.2011,633.86,0,,,,,5,5,23648.73362,12720195.0,23419.56841,12725649.0,20918.5758,12946960.0,22018.26517,13200069.0,,,,,,,,,,,,,,,,,24221.632046666666,
2019-06-01,24578.90983,157423905.0,12918730,31536680,180448,980.1736287165672,137.82,90.34,62.7544927858817,7.31,16.0,5.259,607.95,0,,,,,6,6,25596.59411,12824090.0,23648.73362,12720195.0,23419.56841,12725649.0,20918.5758,12946960.0,22018.26517,13200069.0,,,,,,,,,,,,,,,24608.079186666666,23363.441156666668
2019-07-01,26440.27262,171882993.0,13502413,32504699,271604,1472.3778981117573,137.48,87.25,62.97036277304895,7.17,16.0,5.257,624.72,0,,,,,7,7,24578.90983,12918730.0,25596.59411,12824090.0,23648.73362,12720195.0,23419.56841,12725649.0,20918.5758,12946960.0,22018.26517,13200069.0,,,,,,,,,,,,,25538.592186666665,24100.44239833333
2019-08-01,26108.60912,174944065.0,14137988,33387459,198578,1074.2068914109598,135.66,87.7,63.19342842645511,7.43,16.0,5.2814,620.47,0,,,,,8,8,26440.27262,13502413.0,24578.90983,12918730.0,25596.59411,12824090.0,23648.73362,12720195.0,23419.56841,12725649.0,20918.5758,12946960.0,22018.26517,13200069.0,,,,,,,,,,,25709.26385666667,24965.447951666665
2019-09-01,26434.62932,169169269.0,13620118,31549725,200863,1084.2573932948235,134.82,85.72,63.416494079861266,7.38,16.0,5.3161,616.01,0,,,,,9,9,26108.60912,14137988.0,26440.27262,13502413.0,24578.90983,12918730.0,25596.59411,12824090.0,23648.73362,12720195.0,23419.56841,12725649.0,20918.5758,12946960.0,22018.26517,13200069.0,,,,,,,,,26327.837019999995,25467.958103333334
2019-10-01,28351.33649,187700732.0,14022267,31278836,221777,1194.692904901061,133.31,84.61,63.63236406702851,7.58,16.0,5.3372,648.29,0,,,,,10,10,26434.62932,13620118.0,26108.60912,14137988.0,26440.27262,13502413.0,24578.90983,12918730.0,25596.59411,12824090.0,23648.73362,12720195.0,23419.56841,12725649.0,20918.5758,12946960.0,22018.26517,13200069.0,,,,,,,26964.85831,26251.725248333332
2019-11-01,29014.33816,190107401.0,14227833,31959734,218109,1172.4460486259893,133.33,88.49,63.85542972043467,8.11,16.0,5.5254,641.59,0,,,,,11,11,28351.33649,14022267.0,26434.62932,13620118.0,26108.60912,14137988.0,26440.27262,13502413.0,24578.90983,12918730.0,25596.59411,12824090.0,23648.73362,12720195.0,23419.56841,12725649.0,20918.5758,12946960.0,22018.26517,13200069.0,,,,,27933.434656666668,26821.34925666667
2019-12-01,32822.42231,200389766.0,14459352,32470793,226298,1213.97863741919,135.33,92.76,64.07129970760192,7.86,16.0,5.5337,705.88,0,,,,,12,12,29014.33816,14227833.0,28351.33649,14022267.0,26434.62932,13620118.0,26108.60912,14137988.0,26440.27262,13502413.0,24578.90983,12918730.0,25596.59411,12824090.0,23648.73362,12720195.0,23419.56841,12725649.0,20918.5758,12946960.0,22018.26517,13200069.0,,,30062.698986666666,28195.268003333334
2020-01-01,30200.93164,190117341.0,14130350,32563600,238068,1274.4261554759464,136.79,82.86,64.29436536100808,7.84,16.0,5.465,648.48,0,,,37.16308440661766,,1,13,32822.42231,14459352.0,29014.33816,14227833.0,28351.33649,14022267.0,26434.62932,13620118.0,26108.60912,14137988.0,26440.27262,13502413.0,24578.90983,12918730.0,25596.59411,12824090.0,23648.73362,12720195.0,23419.56841,12725649.0,20918.5758,12946960.0,22018.26517,13200069.0,30679.230703333335,28822.04450666667
2020-02-01,30102.19162,192837293.0,14651835,32712084,234940,1255.0350987724,137.9,83.63,64.51743101441423,7.84,16.0,5.2949,644.79,0,,,43.90172594828374,,2,14,30200.93164,14130350.0,32822.42231,14459352.0,29014.33816,14227833.0,28351.33649,14022267.0,26434.62932,13620118.0,26108.60912,14137988.0,26440.27262,13502413.0,24578.90983,12918730.0,25596.59411,12824090.0,23648.73362,12720195.0,23419.56841,12725649.0,20918.5758,12946960.0,31041.848523333334,29487.64159
2020-03-01,33769.50265,204681483.0,14838522,34312682,238732,1272.7864840765294,138.15,84.39,64.72610533534257,7.89,14.5,5.4423,607.88,0,,,44.193531062599135,,3,15,30102.19162,14651835.0,30200.93164,14130350.0,32822.42231,14459352.0,29014.33816,14227833.0,28351.33649,14022267.0,26434.62932,13620118.0,26108.60912,14137988.0,26440.27262,13502413.0,24578.90983,12918730.0,25596.59411,12824090.0,23648.73362,12720195.0,23419.56841,12725649.0,31357.541970000002,30710.120478333338
2020-04-01,32832.76144,181850028.0,14510314,34919696,254072,1351.7323055790773,134.52,83.24,64.94917098874873,11.1,14.5,5.601,551.15,0,,,38.835178101177334,,4,16,33769.50265,14838522.0,30102.19162,14651835.0,30200.93164,14130350.0,32822.42231,14459352.0,29014.33816,14227833.0,28351.33649,14022267.0,26434.62932,13620118.0,26108.60912,14137988.0,26440.27262,13502413.0,24578.90983,12918730.0,25596.59411,12824090.0,23648.73362,12720195.0,32234.818570000003,31457.02463666667
2020-05-01,41498.7692,212057731.0,15018932,33242664,250368,1329.3302259040536,131.93,82.61,65.16504097591597,12.03,14.5,5.6203,573.32,0,,,62.12613686673021,,5,17,32832.76144,14510314.0,33769.50265,14838522.0,30102.19162,14651835.0,30200.93164,14130350.0,32822.42231,14459352.0,29014.33816,14227833.0,28351.33649,14022267.0,26434.62932,13620118.0,26108.60912,14137988.0,26440.27262,13502413.0,24578.90983,12918730.0,25596.59411,12824090.0,36033.67776333334,33537.76314333334
2020-06-01,45328.30215,225927903.0,15478291,33149397,263260,1394.8633079846009,132.47,82.49,65.38810662932214,12.16,14.5,5.6674,634.16,0,,,84.4194981124596,,6,18,41498.7692,15018932.0,32832.76144,14510314.0,33769.50265,14838522.0,30102.19162,14651835.0,30200.93164,14130350.0,32822.42231,14459352.0,29014.33816,14227833.0,28351.33649,14022267.0,26434.62932,13620118.0,26108.60912,14137988.0,26440.27262,13502413.0,24578.90983,12918730.0,39886.61093,35622.07645
2020-07-01,52487.61544,253710616.0,15708294,33739528,284805,1505.9763951862267,132.2,83.12,65.60397661648938,12.31,14.5,5.6782,644.88,0,,,98.51389656359754,,7,19,45328.30215,15478291.0,41498.7692,15018932.0,32832.76144,14510314.0,33769.50265,14838522.0,30102.19162,14651835.0,30200.93164,14130350.0,32822.42231,14459352.0,29014.33816,14227833.0,28351.33649,14022267.0,26434.62932,13620118.0,26108.60912,14137988.0,26440.27262,13502413.0,46438.228930000005,39336.52375
2020-08-01,56044.52,266644130.0,15946966,34510405,280359,1479.310638326883,132.33,83.5,65.82704226989554,11.35,14.5,5.6848,659.69,0,,,114.65915607533516,,8,20,52487.61544,15708294.0,45328.30215,15478291.0,41498.7692,15018932.0,32832.76144,14510314.0,33769.50265,14838522.0,30102.19162,14651835.0,30200.93164,14130350.0,32822.42231,14459352.0,29014.33816,14227833.0,28351.33649,14022267.0,26434.62932,13620118.0,26108.60912,14137988.0,51286.812529999996,43660.24514666667
2020-09-01,58798.34,271195065.0,16329462,35871780,306259,1612.5382686325513,131.28,83.98,66.0501079233017,11.2,14.5,5.7027,678.42,0,,,122.42922073249636,,9,21,56044.52,15946966.0,52487.61544,15708294.0,45328.30215,15478291.0,41498.7692,15018932.0,32832.76144,14510314.0,33769.50265,14838522.0,30102.19162,14651835.0,30200.93164,14130350.0,32822.42231,14459352.0,29014.33816,14227833.0,28351.33649,14022267.0,26434.62932,13620118.0,55776.82514666666,47831.718038333325
2020-10-01,58034.77,278085855.0,16856212,36893962,316440,1662.7252856264502,128.87,84.31,66.26597791046895,10.96,14.5,5.71,712.15,0,,,104.69853342000243,,10,22,58798.34,16329462.0,56044.52,15946966.0,52487.61544,15708294.0,45328.30215,15478291.0,41498.7692,15018932.0,32832.76144,14510314.0,33769.50265,14838522.0,30102.19162,14651835.0,30200.93164,14130350.0,32822.42231,14459352.0,29014.33816,14227833.0,28351.33649,14022267.0,57625.87666666667,52032.05279833334
2020-11-01,57325.88,281107848.0,17004311,37700784,322199,1689.4037551983774,130.29,84.86,66.4890435638751,10.47,14.5,5.7139,713.18,0,,,97.57776201502712,,11,23,58034.77,16856212.0,58798.34,16329462.0,56044.52,15946966.0,52487.61544,15708294.0,45328.30215,15478291.0,41498.7692,15018932.0,32832.76144,14510314.0,33769.50265,14838522.0,30102.19162,14651835.0,30200.93164,14130350.0,32822.42231,14459352.0,29014.33816,14227833.0,58052.996666666666,54669.90459833333
2020-12-01,67732.32,301408898.0,17142677,38473734,328329,1718.0277586898285,130.85,85.6,66.70491355104235,11.19,14.5,5.7602,757.41,0,,,106.35990653061586,,12,24,57325.88,17004311.0,58034.77,16856212.0,58798.34,16329462.0,56044.52,15946966.0,52487.61544,15708294.0,45328.30215,15478291.0,41498.7692,15018932.0,32832.76144,14510314.0,33769.50265,14838522.0,30102.19162,14651835.0,30200.93164,14130350.0,32822.42231,14459352.0,61030.99,58403.90757333334
2021-01-01,67077.65,301182634.0,17349032,39954622,351330,1834.5101871233524,132.63,85.88,66.9279792044485,10.72,14.5,5.7604,729.9,0,,,122.1045721356429,,1,25,67732.32,17142677.0,57325.88,17004311.0,58034.77,16856212.0,58798.34,16329462.0,56044.52,15946966.0,52487.61544,15708294.0,45328.30215,15478291.0,41498.7692,15018932.0,32832.76144,14510314.0,33769.50265,14838522.0,30102.19162,14651835.0,30200.93164,14130350.0,64045.283333333326,60835.579999999994
2021-02-01,67900.73,294825039.0,17529852,40882122,356147,1855.752567137146,132.33,72.44,67.15104485785466,11.09,14.5,5.7374,717.72,0,,,125.56739674358633,,2,26,67077.65,17349032.0,67732.32,17142677.0,57325.88,17004311.0,58034.77,16856212.0,58798.34,16329462.0,56044.52,15946966.0,52487.61544,15708294.0,45328.30215,15478291.0,41498.7692,15018932.0,32832.76144,14510314.0,33769.50265,14838522.0,30102.19162,14651835.0,67570.23333333332,62811.61499999999
2021-03-01,82261.56,335931196.0,17811466,41868621,374704,1948.7454283114498,133.14,73.74,67.3525235125441,11.07,14.5,5.7288,759.7,0,,,143.59719138475376,,3,27,67900.73,17529852.0,67077.65,17349032.0,67732.32,17142677.0,57325.88,17004311.0,58034.77,16856212.0,58798.34,16329462.0,56044.52,15946966.0,52487.61544,15708294.0,45328.30215,15478291.0,41498.7692,15018932.0,32832.76144,14510314.0,33769.50265,14838522.0,72413.31333333332,66722.15166666666
2021-04-01,83815.99,323270736.0,17232043,42055517,386093,2003.7717188201307,134.03,73.03,67.57558916595025,8.83,14.5,5.7322,752.63,0,,,155.28157341614087,,4,28,82261.56,17811466.0,67900.73,17529852.0,67077.65,17349032.0,67732.32,17142677.0,57325.88,17004311.0,58034.77,16856212.0,58798.34,16329462.0,56044.52,15946966.0,52487.61544,15708294.0,45328.30215,15478291.0,41498.7692,15018932.0,32832.76144,14510314.0,77992.76,71019.02166666667
2021-05-01,86545.65,345005475.0,18026787,43211297,392804,2034.4777043911736,134.13,73.2,67.7914591531175,7.5,13.5,5.7473,747.02,0,,,108.54992007811157,,5,29,83815.99,17232043.0,82261.56,17811466.0,67900.73,17529852.0,67077.65,17349032.0,67732.32,17142677.0,57325.88,17004311.0,58034.77,16856212.0,58798.34,16329462.0,56044.52,15946966.0,52487.61544,15708294.0,45328.30215,15478291.0,41498.7692,15018932.0,84207.73333333334,75888.98333333332
2021-06-01,89127.84,338138615.0,18303250,44321060,402730,2081.5377453632577,133.29,73.02,68.01452480652365,7.52,13.5,5.7626,751.25,0,,,96.62735150559789,,6,30,86545.65,18026787.0,83815.99,17232043.0,82261.56,17811466.0,67900.73,17529852.0,67077.65,17349032.0,67732.32,17142677.0,57325.88,17004311.0,58034.77,16856212.0,58798.34,16329462.0,56044.52,15946966.0,52487.61544,15708294.0,45328.30215,15478291.0,86496.49333333333,79454.90333333332
2021-07-01,99125.36,365447348.0,17271354,44976534,413563,2133.2232513664217,132.37,73.51,68.2303947936909,8.83,13.5,5.8011,767.55,0,,,88.85475967814322,,7,31,89127.84,18303250.0,86545.65,18026787.0,83815.99,17232043.0,82261.56,17811466.0,67900.73,17529852.0,67077.65,17349032.0,67732.32,17142677.0,57325.88,17004311.0,58034.77,16856212.0,58798.34,16329462.0,56044.52,15946966.0,52487.61544,15708294.0,91599.61666666665,84796.18833333334
2021-08-01,81829.09,376851071.0,19066260,45969026,425369,2189.586336407821,131.02,74.13,68.59845277179824,9.46,13.5,5.8517,749.47,0,,,46.00729919713829,,8,32,99125.36,17271354.0,89127.84,18303250.0,86545.65,18026787.0,83815.99,17232043.0,82261.56,17811466.0,67900.73,17529852.0,67077.65,17349032.0,67732.32,17142677.0,57325.88,17004311.0,58034.77,16856212.0,58798.34,16329462.0,56044.52,15946966.0,90027.43,87117.58166666667
2021-09-01,71693.51,375887690.0,19433002,46912332,426706,2191.9389231748187,135.67,75.62,68.96651074990558,10.03,13.5,5.8663,747.39,0,,,21.93118037005806,,9,33,81829.09,19066260.0,99125.36,17271354.0,89127.84,18303250.0,86545.65,18026787.0,83815.99,17232043.0,82261.56,17811466.0,67900.73,17529852.0,67077.65,17349032.0,67732.32,17142677.0,57325.88,17004311.0,58034.77,16856212.0,58798.34,16329462.0,84215.98666666665,85356.24
2021-10-01,80030.23,391303316.0,18434784,47289819,441385,2262.8272984531545,133.94,75.53,69.32269589000946,10.28,13.5,5.9009,743.77,0,,,37.900486208526374,,10,34,71693.51,19433002.0,81829.09,19066260.0,99125.36,17271354.0,89127.84,18303250.0,86545.65,18026787.0,83815.99,17232043.0,82261.56,17811466.0,67900.73,17529852.0,67077.65,17349032.0,67732.32,17142677.0,57325.88,17004311.0,58034.77,16856212.0,77850.94333333333,84725.27999999998
2021-11-01,86063.03,397796455.0,17982106,47706429,439131,2246.6479524412625,134.17,74.46,69.69075386811679,11.47,14.5,5.9172,781.57,0,,,50.12945287538544,,11,35,80030.23,18434784.0,71693.51,19433002.0,81829.09,19066260.0,99125.36,17271354.0,89127.84,18303250.0,86545.65,18026787.0,83815.99,17232043.0,82261.56,17811466.0,67900.73,17529852.0,67077.65,17349032.0,67732.32,17142677.0,57325.88,17004311.0,79262.25666666667,84644.84333333334
2021-12-01,82853.14,401159657.0,17948480,48308975,442375,2258.755064377211,131.38,76.04,70.04693900822066,11.91,14.5,6.0061,793.88,0,,,22.3243792623669,,12,36,86063.03,17982106.0,80030.23,18434784.0,71693.51,19433002.0,81829.09,19066260.0,99125.36,17271354.0,89127.84,18303250.0,86545.65,18026787.0,83815.99,17232043.0,82261.56,17811466.0,67900.73,17529852.0,67077.65,17349032.0,67732.32,17142677.0,82982.13333333332,83599.06
2022-01-01,76177.4,371778285.0,17359135,48424110,431603,2199.2454615411166,133.21,76.91,70.414996986328,13.28,14.5,6.0236,758.49,0,,,13.565994038252693,,1,37,82853.14,17948480.0,86063.03,17982106.0,80030.23,18434784.0,71693.51,19433002.0,81829.09,19066260.0,99125.36,17271354.0,89127.84,18303250.0,86545.65,18026787.0,83815.99,17232043.0,82261.56,17811466.0,67900.73,17529852.0,67077.65,17349032.0,81697.85666666667,79774.4
2022-02-01,76812.54,365462547.0,18534816,49220981,445857,2267.2392038814983,133.05,76.21,70.78305496443534,14.99,14.5,6.6004,746.04,0,,,13.124763165285547,,2,38,76177.4,17359135.0,82853.14,17948480.0,86063.03,17982106.0,80030.23,18434784.0,71693.51,19433002.0,81829.09,19066260.0,99125.36,17271354.0,89127.84,18303250.0,86545.65,18026787.0,83815.99,17232043.0,82261.56,17811466.0,67900.73,17529852.0,78614.35999999999,78938.30833333333
2022-03-01,90463.15,413366550.0,18881454,49926289,457608,2322.711698842912,134.71,76.94,71.11549442853229,18.58,17.0,7.1122,793.95,0,,,9.970136719994116,,3,39,76812.54,18534816.0,76177.4,17359135.0,82853.14,17948480.0,86063.03,17982106.0,80030.23,18434784.0,71693.51,19433002.0,81829.09,19066260.0,99125.36,17271354.0,89127.84,18303250.0,86545.65,18026787.0,83815.99,17232043.0,82261.56,17811466.0,81151.02999999998,82066.58166666667
2022-04-01,87657.05,402704626.0,18602773,50240585,453595,2297.6607185702883,134.14,76.86,71.48355240663963,22.52,17.0,7.1128,771.61,0,,,4.582729381350736,,4,40,90463.15,18881454.0,76812.54,18534816.0,76177.4,17359135.0,82853.14,17948480.0,86063.03,17982106.0,80030.23,18434784.0,71693.51,19433002.0,81829.09,19066260.0,99125.36,17271354.0,89127.84,18303250.0,86545.65,18026787.0,83815.99,17232043.0,84977.58,83337.71833333334
2022-05-01,71431.97,381842366.0,19102061,50661806,461753,2334.3906570378804,132.98,76.7,71.8397375467435,26.64,19.0,7.1441,758.18,1,,,-17.463246275231615,,5,41,87657.05,18602773.0,90463.15,18881454.0,76812.54,18534816.0,76177.4,17359135.0,82853.14,17948480.0,86063.03,17982106.0,80030.23,18434784.0,71693.51,19433002.0,81829.09,19066260.0,99125.36,17271354.0,89127.84,18303250.0,86545.65,18026787.0,83184.05666666666,80899.20833333333
2022-06-01,77376.33,378199522.0,18839254,51048941,462439,2333.12352552153,130.37,74.99,72.20779552485084,28.62,19.0,7.2305,762.86,1,,,-13.185004820042757,,6,42,71431.97,19102061.0,87657.05,18602773.0,90463.15,18881454.0,76812.54,18534816.0,76177.4,17359135.0,82853.14,17948480.0,86063.03,17982106.0,80030.23,18434784.0,71693.51,19433002.0,81829.09,19066260.0,99125.36,17271354.0,89127.84,18303250.0,78821.78333333333,79986.40666666666
2022-07-01,77154.55,398976552.0,18205485,51593562,440519,2218.183618103767,129.46,76.38,72.56398066495471,30.46,19.0,7.612,769.87,1,,,-22.164671079126474,,7,43,77376.33,18839254.0,71431.97,19102061.0,87657.05,18602773.0,90463.15,18881454.0,76812.54,18534816.0,76177.4,17359135.0,82853.14,17948480.0,86063.03,17982106.0,80030.23,18434784.0,71693.51,19433002.0,81829.09,19066260.0,99125.36,17271354.0,75320.95,80149.265
2022-08-01,87077.99,447367669.0,19526216,52394275,471625,2369.9771792550137,129.14,76.57,72.93203864306206,32.76,22.0,8.2325,740.84,1,,,6.414467031223259,,8,44,77154.55,18205485.0,77376.33,18839254.0,71431.97,19102061.0,87657.05,18602773.0,90463.15,18881454.0,76812.54,18534816.0,76177.4,17359135.0,82853.14,17948480.0,86063.03,17982106.0,80030.23,18434784.0,71693.51,19433002.0,81829.09,19066260.0,80536.29,81860.17333333334
2022-09-01,88812.71,447262238.0,19946319,53280199,477125,2392.7416965563743,129.14,77.1,73.30009662116939,36.2,22.0,9.6048,736.85,1,,,23.878311997836366,,9,45,87077.99,19526216.0,77154.55,18205485.0,77376.33,18839254.0,71431.97,19102061.0,87657.05,18602773.0,90463.15,18881454.0,76812.54,18534816.0,76177.4,17359135.0,82853.14,17948480.0,86063.03,17982106.0,80030.23,18434784.0,71693.51,19433002.0,84348.41666666667,81585.09999999999
2022-10-01,100227.48,479971185.0,20196738,53788806,489336,2449.1609507243634,129.27,76.62,73.65628176127326,39.66,24.5,13.0086,735.07,1,,,25.237026058778046,,10,46,88812.71,19946319.0,87077.99,19526216.0,77154.55,18205485.0,77376.33,18839254.0,71431.97,19102061.0,87657.05,18602773.0,90463.15,18881454.0,76812.54,18534816.0,76177.4,17359135.0,82853.14,17948480.0,86063.03,17982106.0,80030.23,18434784.0,92039.39333333333,83680.17166666668
2022-11-01,116958.87,492373198.0,20223950,54457343,494455,2469.7713866555,127.11,75.11,74.02433973938061,49.69,27.0,13.1044,731.59,1,,,35.899084659231725,,11,47,100227.48,20196738.0,88812.71,19946319.0,87077.99,19526216.0,77154.55,18205485.0,77376.33,18839254.0,71431.97,19102061.0,87657.05,18602773.0,90463.15,18881454.0,76812.54,18534816.0,76177.4,17359135.0,82853.14,17948480.0,86063.03,17982106.0,101999.68666666666,91267.98833333334
2022-12-01,122006.96,488208974.0,20380716,55288500,505122,2518.118577225784,125.08,71.41,74.38052487948448,53.24,27.0,8.576,759.88,1,,,47.25689334164041,,12,48,116958.87,20223950.0,100227.48,20196738.0,88812.71,19946319.0,87077.99,19526216.0,77154.55,18205485.0,77376.33,18839254.0,71431.97,19102061.0,87657.05,18602773.0,90463.15,18881454.0,76812.54,18534816.0,76177.4,17359135.0,82853.14,17948480.0,113064.43666666666,98706.42666666668
2023-01-01,130055.49,497130001.0,20551466,56052944,492455,2450.0207550185924,125.32,71.64,74.74858285759181,52.77,28.0,10.7997,696.57,1,,,70.7271316689727,,1,49,122006.96,20380716.0,116958.87,20223950.0,100227.48,20196738.0,88812.71,19946319.0,87077.99,19526216.0,77154.55,18205485.0,77376.33,18839254.0,71431.97,19102061.0,87657.05,18602773.0,90463.15,18881454.0,76812.54,18534816.0,76177.4,17359135.0,123007.10666666667,107523.25
2023-02-01,133967.91,492652623.0,20452823,56679032,508461,2524.5614415304144,122.12,69.68,75.11664083569914,52.0,28.0,11.0135,686.35,1,,,74.40890510846279,,2,50,130055.49,20551466.0,122006.96,20380716.0,116958.87,20223950.0,100227.48,20196738.0,88812.71,19946319.0,87077.99,19526216.0,77154.55,18205485.0,77376.33,18839254.0,71431.97,19102061.0,87657.05,18602773.0,90463.15,18881454.0,76812.54,18534816.0,128676.78666666667,115338.23666666665
2023-03-01,147549.19,534334807.0,20652904,57372364,520684,2580.559022750139,120.9,71.22,75.4490802997961,44.64,29.5,11.0137,735.19,1,,,63.10419214895791,,3,51,133967.91,20452823.0,130055.49,20551466.0,122006.96,20380716.0,116958.87,20223950.0,100227.48,20196738.0,88812.71,19946319.0,87077.99,19526216.0,77154.55,18205485.0,77376.33,18839254.0,71431.97,19102061.0,87657.05,18602773.0,90463.15,18881454.0,137190.8633333333,125127.65000000001
2023-04-01,138830.26,542292572.0,21055774,57606106,527090,2607.070456340941,113.0,72.19,75.81713827790344,41.66,29.5,10.9516,722.16,1,,,58.378886809446584,,4,52,147549.19,20652904.0,133967.91,20452823.0,130055.49,20551466.0,122006.96,20380716.0,116958.87,20223950.0,100227.48,20196738.0,88812.71,19946319.0,87077.99,19526216.0,77154.55,18205485.0,77376.33,18839254.0,71431.97,19102061.0,87657.05,18602773.0,140115.78666666665,131561.44666666668
2023-05-01,159729.48,563393283.0,21834777,58700627,560574,2767.3185021956024,104.6,71.14,76.17332341800731,42.79,29.5,10.9715,725.05,1,,,123.61063260610061,,5,53,138830.26,21055774.0,147549.19,20652904.0,133967.91,20452823.0,130055.49,20551466.0,122006.96,20380716.0,116958.87,20223950.0,100227.48,20196738.0,88812.71,19946319.0,87077.99,19526216.0,77154.55,18205485.0,77376.33,18839254.0,71431.97,19102061.0,148702.97666666665,138689.88166666668
2023-06-01,149401.94,532048872.0,22148769,59717350,571114,2813.7198715363597,107.51,70.32,76.54138139611464,43.47,29.5,10.9972,730.88,1,,,93.08481030309915,,6,54,159729.48,21834777.0,138830.26,21055774.0,147549.19,20652904.0,133967.91,20452823.0,130055.49,20551466.0,122006.96,20380716.0,116958.87,20223950.0,100227.48,20196738.0,88812.71,19946319.0,87077.99,19526216.0,77154.55,18205485.0,77376.33,18839254.0,149320.56,143255.71166666667
2023-07-01,169637.7,563739366.0,22017460,61131766,567850,2792.242870499429,108.04,67.37,76.89756653621852,44.2,30.0,11.0034,741.81,1,,,119.86739602525063,,7,55,149401.94,22148769.0,159729.48,21834777.0,138830.26,21055774.0,147549.19,20652904.0,133967.91,20452823.0,130055.49,20551466.0,122006.96,20380716.0,116958.87,20223950.0,100227.48,20196738.0,88812.71,19946319.0,87077.99,19526216.0,77154.55,18205485.0,159589.70666666667,149852.74666666667
2023-08-01,161811.6907,600703975.0,21623926,62324287,555985,2728.414050437418,101.55,69.06,77.26562451432586,40.99,30.0,11.0192,726.8,1,,,85.82386972873397,,8,56,169637.7,22017460.0,149401.94,22148769.0,159729.48,21834777.0,138830.26,21055774.0,147549.19,20652904.0,133967.91,20452823.0,130055.49,20551466.0,122006.96,20380716.0,116958.87,20223950.0,100227.48,20196738.0,88812.71,19946319.0,87077.99,19526216.0,160283.77690000003,154493.37678333334
2023-09-01,156954.46,586895470.0,21949535,63157068,582114,2850.917418730331,102.45,70.17,77.6336824924332,38.99,30.0,11.1285,726.94,1,,,76.7252232253694,,9,57,161811.6907,21623926.0,169637.7,22017460.0,149401.94,22148769.0,159729.48,21834777.0,138830.26,21055774.0,147549.19,20652904.0,133967.91,20452823.0,130055.49,20551466.0,122006.96,20380716.0,116958.87,20223950.0,100227.48,20196738.0,88812.71,19946319.0,162801.28356666665,156060.92178333332
2023-10-01,179187.74,614897287.0,22131902,64049632,543612,2657.2031677702957,103.93,69.67,77.98986763253707,36.17,30.0,11.4963,744.2,1,,,78.78104887003046,,10,58,156954.46,21949535.0,161811.6907,21623926.0,169637.7,22017460.0,149401.94,22148769.0,159729.48,21834777.0,138830.26,21055774.0,147549.19,20652904.0,133967.91,20452823.0,130055.49,20551466.0,122006.96,20380716.0,116958.87,20223950.0,100227.48,20196738.0,165984.63023333333,162787.16845
2023-11-01,185871.34,617693427.0,22445663,64945361,593206,2893.8370521230877,104.26,71.04,78.35792561064441,27.16,30.0,11.6206,791.75,1,,,58.92025974601156,,11,59,179187.74,22131902.0,156954.46,21949535.0,161811.6907,21623926.0,169637.7,22017460.0,149401.94,22148769.0,159729.48,21834777.0,138830.26,21055774.0,147549.19,20652904.0,133967.91,20452823.0,130055.49,20551466.0,122006.96,20380716.0,116958.87,20223950.0,174004.5133333333,167144.14511666668
2023-12-01,199339.08,657213817.0,22793296,65579075,608856,2964.4597548579322,105.08,73.05,78.71411075074829,24.18,30.0,11.88,779.49,1,,,63.38336763738723,,12,60,185871.34,22445663.0,179187.74,22131902.0,156954.46,21949535.0,161811.6907,21623926.0,169637.7,22017460.0,149401.94,22148769.0,159729.48,21834777.0,138830.26,21055774.0,147549.19,20652904.0,133967.91,20452823.0,130055.49,20551466.0,122006.96,20380716.0,188132.71999999997,175467.00178333334
2024-01-01,198362.0108,617632465.0,22938255,66298745,607823,2953.5498396391677,103.25,71.56,79.08216872885562,24.16,29.0,12.0356,718.47,1,,,52.5210591263775,,1,61,199339.08,22793296.0,185871.34,22445663.0,179187.74,22131902.0,156954.46,21949535.0,161811.6907,21623926.0,169637.7,22017460.0,149401.94,22148769.0,159729.48,21834777.0,138830.26,21055774.0,147549.19,20652904.0,133967.91,20452823.0,130055.49,20551466.0,194524.14359999998,180254.38691666667
2024-02-01,195763.9079,608536415.0,23137459,66889016,615596,2985.388690573523,105.55,71.76,79.45022670696297,24.0,29.0,12.4642,702.04,1,,,46.12746283792886,,2,62,198362.0108,22938255.0,199339.08,22793296.0,185871.34,22445663.0,179187.74,22131902.0,156954.46,21949535.0,161811.6907,21623926.0,169637.7,22017460.0,149401.94,22148769.0,159729.48,21834777.0,138830.26,21055774.0,147549.19,20652904.0,133967.91,20452823.0,197821.6662333333,185913.08978333333
2024-03-01,181899.382,631399938.0,23382208,67614815,617158,2987.4217692729894,107.01,74.71,79.79453900906337,26.3,29.0,12.877,742.85,1,,,23.28050191261639,,3,63,195763.9079,23137459.0,198362.0108,22938255.0,199339.08,22793296.0,185871.34,22445663.0,179187.74,22131902.0,156954.46,21949535.0,161811.6907,21623926.0,169637.7,22017460.0,149401.94,22148769.0,159729.48,21834777.0,138830.26,21055774.0,147549.19,20652904.0,192008.43356666667,190070.57678333332
2024-04-01,202952.85,629792098.0,23913899,68226126,612099,2957.079958096272,109.23,75.25,80.16259698717072,24.8,29.0,13.2739,733.2,1,,,46.18776194757539,,4,64,181899.382,23382208.0,195763.9079,23137459.0,198362.0108,22938255.0,199339.08,22793296.0,185871.34,22445663.0,179187.74,22131902.0,156954.46,21949535.0,161811.6907,21623926.0,169637.7,22017460.0,149401.94,22148769.0,159729.48,21834777.0,138830.26,21055774.0,193538.71329999997,194031.42845
2024-05-01,234313.9,668147748.0,24071046,68711981,566715,2732.603633411565,111.5,75.93,80.51878212727459,22.6,29.0,14.1301,749.65,1,,,46.69421073680324,,5,65,202952.85,23913899.0,181899.382,23382208.0,195763.9079,23137459.0,198362.0108,22938255.0,199339.08,22793296.0,185871.34,22445663.0,179187.74,22131902.0,156954.46,21949535.0,161811.6907,21623926.0,169637.7,22017460.0,149401.94,22148769.0,159729.48,21834777.0,206388.71066666665,202105.18845
2024-06-01,224008.2,644436315.0,24388764,69264141,551251,2652.808326178393,114.63,75.42,80.88684010538192,22.1,29.0,14.586,743.25,1,,,49.9366072488751,,6,66,234313.9,24071046.0,202952.85,23913899.0,181899.382,23382208.0,195763.9079,23137459.0,198362.0108,22938255.0,199339.08,22793296.0,185871.34,22445663.0,179187.74,22131902.0,156954.46,21949535.0,161811.6907,21623926.0,169637.7,22017460.0,149401.94,22148769.0,220424.9833333333,206216.70845
2024-07-01,264853.42,678847815.0,22630209,69895350,542534,2605.8966424465552,115.76,76.2,81.2430252454858,19.9,29.0,14.9009,756.15,1,,,56.12886758073232,,7,67,224008.2,24388764.0,234313.9,24071046.0,202952.85,23913899.0,181899.382,23382208.0,195763.9079,23137459.0,198362.0108,22938255.0,199339.08,22793296.0,185871.34,22445663.0,179187.74,22131902.0,156954.46,21949535.0,161811.6907,21623926.0,169637.7,22017460.0,241058.50666666668,217298.60998333336
2024-08-01,273580.7,724260414.0,22835643,70527500,523352,2508.7111127784997,115.43,76.88,81.2430252454858,19.4,29.0,15.1899,763.11,1,,,69.07350687486513,,8,68,264853.42,22630209.0,224008.2,24388764.0,234313.9,24071046.0,202952.85,23913899.0,181899.382,23382208.0,195763.9079,23137459.0,198362.0108,22938255.0,199339.08,22793296.0,185871.34,22445663.0,179187.74,22131902.0,156954.46,21949535.0,161811.6907,21623926.0,254147.44000000003,230268.07533333334
2024-09-01,284902.29,704501819.0,23031068,71161165,455928,2181.128850269677,116.84,77.63,81.2430252454858,20.8,27.0,15.8,747.76,1,,,81.51907884618251,,9,69,273580.7,22835643.0,264853.42,22630209.0,224008.2,24388764.0,234313.9,24071046.0,202952.85,23913899.0,181899.382,23382208.0,195763.9079,23137459.0,198362.0108,22938255.0,199339.08,22793296.0,185871.34,22445663.0,179187.74,22131902.0,156954.46,21949535.0,274445.47000000003,247435.22666666668
2024-10-01,298567.3,728432678.0,23318355,71895713,404473,1931.2240838709342,118.08,78.29,81.2430252454858,21.3,27.0,16.3,767.69,1,,,66.62261603388716,,10,70,284902.29,23031068.0,273580.7,22835643.0,264853.42,22630209.0,224008.2,24388764.0,234313.9,24071046.0,202952.85,23913899.0,181899.382,23382208.0,195763.9079,23137459.0,198362.0108,22938255.0,199339.08,22793296.0,185871.34,22445663.0,179187.74,22131902.0,285683.43,263370.9683333333
2024-11-01,316350.5,708732870.0,23479305,72460537,412436,1965.3116137226577,117.81,78.01,81.2430252454858,22.4,27.0,15.27,803.4,1,,,70.19864385762756,,11,71,298567.3,23318355.0,284902.29,23031068.0,273580.7,22835643.0,264853.42,22630209.0,224008.2,24388764.0,234313.9,24071046.0,202952.85,23913899.0,181899.382,23382208.0,195763.9079,23137459.0,198362.0108,22938255.0,199339.08,22793296.0,185871.34,22445663.0,299940.03,277043.73500000004
2024-12-01,334842.81,745066791.0,23486648,72981689,404371,1923.1636279962834,116.07,78.96,81.2430252454858,23.1,27.0,14.7,791.18,1,,,67.97650014237048,,12,72,316350.5,23479305.0,298567.3,23318355.0,284902.29,23031068.0,273580.7,22835643.0,264853.42,22630209.0,224008.2,24388764.0,234313.9,24071046.0,202952.85,23913899.0,181899.382,23382208.0,195763.9079,23137459.0,198362.0108,22938255.0,199339.08,22793296.0,316586.87,295516.17
2025-01-01,333044.11,725753756.0,23567350,73548066,404953,1922.1000043800357,118.88,79.1,81.2430252454858,22.8,27.0,15.3001,761.23,1,,,67.8971233739883,,1,73,334842.81,23486648.0,316350.5,23479305.0,298567.3,23318355.0,284902.29,23031068.0,273580.7,22835643.0,264853.42,22630209.0,224008.2,24388764.0,234313.9,24071046.0,202952.85,23913899.0,181899.382,23382208.0,195763.9079,23137459.0,198362.0108,22938255.0,328079.14,306881.285
2025-02-01,316233.26,698379786.0,23597472,74064456,411462,1949.1171148950577,119.62,78.51,81.2430252454858,22.4,27.0,15.53,740.77,1,,,61.53808094265165,,2,74,333044.11,23567350.0,334842.81,23486648.0,316350.5,23479305.0,298567.3,23318355.0,284902.29,23031068.0,273580.7,22835643.0,264853.42,22630209.0,224008.2,24388764.0,234313.9,24071046.0,202952.85,23913899.0,181899.382,23382208.0,195763.9079,23137459.0,328040.06,313990.045
2025-03-01,351729.83,764437418.0,23912493,74596460,410605,1941.5754951646948,120.19,80.34,81.2430252454858,23.2,28.0,15.53,759.95,1,,,93.36504947553917,,3,75,316233.26,23597472.0,333044.11,23567350.0,334842.81,23486648.0,316350.5,23479305.0,298567.3,23318355.0,284902.29,23031068.0,273580.7,22835643.0,264853.42,22630209.0,224008.2,24388764.0,234313.9,24071046.0,202952.85,23913899.0,181899.382,23382208.0,333669.06666666665,325127.9683333333
2025-04-01,364981.0,777743075.0,24221454,75192916,414128,1954.360783643012,121.45,80.35,81.2430252454858,20.98,28.0,14.15,767.59,1,,,79.83536570193519,,4,76,351729.83,23912493.0,316233.26,23597472.0,333044.11,23567350.0,334842.81,23486648.0,316350.5,23479305.0,298567.3,23318355.0,284902.29,23031068.0,273580.7,22835643.0,264853.42,22630209.0,224008.2,24388764.0,234313.9,24071046.0,202952.85,23913899.0,344314.6966666667,336196.9183333334
2025-05-01,360046.5,795801650.0,24271128,75798853,423978,1997.0223210901543,122.4,80.18,81.2430252454858,18.4,28.0,10.28,782.27,1,,,53.65989811103824,,5,77,364981.0,24221454.0,351729.83,23912493.0,316233.26,23597472.0,333044.11,23567350.0,334842.81,23486648.0,316350.5,23479305.0,298567.3,23318355.0,284902.29,23031068.0,273580.7,22835643.0,264853.42,22630209.0,224008.2,24388764.0,234313.9,24071046.0,358919.11000000004,343479.585
2025-06-01,323162.2,735405111.0,24459590,76409472,422771,1987.4134273082211,122.92,81.53,81.2430252454858,13.0,28.0,10.31,778.91,1,,,44.26355820902985,,6,78,360046.5,24271128.0,364981.0,24221454.0,351729.83,23912493.0,316233.26,23597472.0,333044.11,23567350.0,334842.81,23486648.0,316350.5,23479305.0,298567.3,23318355.0,284902.29,23031068.0,273580.7,22835643.0,264853.42,22630209.0,224008.2,24388764.0,349396.56666666665,341532.8166666667
2025-07-01,355388.7,778239311.0,24438572,77050922,445608,2090.781648334025,120.53,82.22,81.2430252454858,12.0,25.0,10.5,802.6,1,,,34.18316440844904,,7,79,323162.2,24459590.0,360046.5,24271128.0,364981.0,24221454.0,351729.83,23912493.0,316233.26,23597472.0,333044.11,23567350.0,334842.81,23486648.0,316350.5,23479305.0,298567.3,23318355.0,284902.29,23031068.0,273580.7,22835643.0,264853.42,22630209.0,346199.1333333333,345256.915
2025-08-01,354097.14,830671667.0,25077661,77706433,433261,2032.8498315534011,123.08,81.97,81.2430252454858,11.52,25.0,11.4,815.18,1,,,29.430599453835747,,8,80,355388.7,24438572.0,323162.2,24459590.0,360046.5,24271128.0,364981.0,24221454.0,351729.83,23912493.0,316233.26,23597472.0,333044.11,23567350.0,334842.81,23486648.0,316350.5,23479305.0,298567.3,23318355.0,284902.29,23031068.0,273580.7,22835643.0,344216.01333333337,351567.5616666667
2025-09-01,406903.9,830058242.0,25039113,78418548,435052,2041.2531589895475,125.59,83.47,81.2430252454858,8.83,21.5,12.42,819.61,1,,,42.82226373119011,,9,81,354097.14,25077661.0,355388.7,24438572.0,323162.2,24459590.0,360046.5,24271128.0,364981.0,24221454.0,351729.83,23912493.0,316233.26,23597472.0,333044.11,23567350.0,334842.81,23486648.0,316350.5,23479305.0,298567.3,23318355.0,284902.29,23031068.0,372129.91333333333,360763.24
2025-10-01,434728.9,893235783.0,25257910,79145806,453151,2126.173216648291,124.72,83.95,81.2430252454858,7.37,21.5,10.9,832.14,1,,,45.60499425087745,,10,82,406903.9,25039113.0,354097.14,25077661.0,355388.7,24438572.0,323162.2,24459590.0,360046.5,24271128.0,364981.0,24221454.0,351729.83,23912493.0,316233.26,23597472.0,333044.11,23567350.0,334842.81,23486648.0,316350.5,23479305.0,298567.3,23318355.0,398576.6466666667,372387.88999999996
2025-11-01,420113.0,891892549.0,25535565,79806887,478958,2247.2590185157537,127.44,83.77,81.2430252454858,5.45,18.0,11.27,874.1,1,,,32.79985332724304,,11,83,434728.9,25257910.0,406903.9,25039113.0,354097.14,25077661.0,355388.7,24438572.0,323162.2,24459590.0,360046.5,24271128.0,364981.0,24221454.0,351729.83,23912493.0,316233.26,23597472.0,333044.11,23567350.0,334842.81,23486648.0,316350.5,23479305.0,420581.93333333335,382398.9733333333
2025-12-01,518397.05,982088515.0,26657242,80492591,491057,2304.02722546714,127.03,85.03,81.2430252454858,4.57,18.0,10.45,889.29,1,,,54.818032377640115,,12,84,420113.0,25535565.0,434728.9,25257910.0,406903.9,25039113.0,354097.14,25077661.0,355388.7,24438572.0,323162.2,24459590.0,360046.5,24271128.0,364981.0,24221454.0,351729.83,23912493.0,316233.26,23597472.0,333044.11,23567350.0,334842.81,23486648.0,457746.3166666667,414938.115
